"file.name","peak.number","Valine Fragment","Glycine","TMAO","Lysine Fragment","Alanine","Unknown 1","Choline","Serine","Creatinine","Proline","Valine","Betaine","Threonine","Unknown 2","Hydroxyproline","Creatine","Isoleucine","Leucine","Asparagine","Ornithine","Aspartic Acid","Hypoxanthine","Betaine Adduct","Proline Betaine","Deoxycarnitine","Glutamine","Lysine","Glutamic Acid","Histidine","Aminooctanoic Acid","Me-Lys","Carnitine","Phenylalanine","Methylhistidine","Arginine","Citrulline","Tyrosine","ADMA","SDMA","Acetylcarnitine","Tryptophan","Propionylcarnitine","Cystine","Unknown 3","CysGly-CySS"
"20230202_1_12",1,"18.795966666667",14.692033333333,"9.130766666667","10.387066666667",16.484366666667,"17.908183333333",10.0018,19.114233333333,11.643366666667,20.889816666667,"18.795966666667","Impute",20.320283333333,"<LOD","23.938433333333",16.0656,19.164483333333,19.48275,"6.48415","Impute","6.48415","25.831316666667","22.196366666667","22.397366666667","14.005266666667",21.040566666667,10.387066666667,21.375583333333,11.877883333333,"14.9433",10.990083333333,15.261566666667,21.358833333333,12.3804,11.1576,21.7441,22.263366666667,"12.732166666667","13.134183333333",16.651883333333,21.409083333333,"17.33865",21.6771,"25.948566666667","18.092433333333"
"",2,"19.51625",15.496083333333,"<LOD","11.2916",17.238148958333,"18.678716666667",10.906333333333,19.817766666667,12.49765,21.559833333333,"19.51625","Impute",20.990316666667,"<LOD","24.524716666667",16.836133333333,19.901516666667,20.169533333333,"7.438933333333","Impute","7.438933333333","26.350583333333","22.84965","23.01715","14.8093",21.7106,11.2916,22.045616666667,12.748916666667,"15.713833333333",11.861133333333,16.04885,22.02885,13.251433333333,12.028633333333,22.397366666667,22.91665,"13.58645","13.971766666667",17.40565,22.079116666667,"18.092433333333",22.347116666667,"26.467833333333","18.829466666667"
"",3,"20.236533333333",16.300116666667,"<LOD","12.1794",18.008683333333,"19.399",11.794133333333,20.53805,13.3687,22.246616666667,"20.236533333333","23.519666666667",21.69385,"17.288398958333","Impute",17.606666666667,20.63855,20.889816666667,"8.460733333333","12.112383333333","8.460733333333","26.970366666667","23.519666666667","23.670433333333","15.613333333333",22.380616666667,12.1794,22.715633333333,13.61995,"16.517866666667",12.765666666667,16.836133333333,22.682133333333,14.089016666667,12.916416666667,23.05065,23.553166666667,"14.407283333333","14.8093",18.176183333333,22.732383333333,"<LOD",23.0004,"27.121116666667","19.54975"
"",4,"20.940066666667",17.0874,"<LOD","13.050433333333",18.762466666667,"20.119283333333",12.681916666667,21.224816666667,14.223016666667,22.8999,"20.940066666667","24.13945",22.363866666667,"<LOD","25.747566666667",18.3772,21.375583333333,21.576583333333,"9.382016666667","12.983433333333","9.382016666667","27.472883333333","24.17295","24.30695","16.400616666667",23.0339,13.033683333333,23.368916666667,14.440783333333,"17.288398958333",13.61995,17.606666666667,23.335416666667,14.9098,13.77075,23.703933333333,24.1897,"15.244816666667","15.630083333333",18.913216666667,23.385666666667,"<LOD",23.653683333333,"27.640383333333","20.270033333333"
"",5,"21.643583333333",17.874683333333,"12.748916666667","13.9215",19.51625,"20.8563",13.5697,21.92835,15.06055,23.569916666667,"21.643583333333","24.792733333333",23.05065,"18.846216666667","26.384083333333",19.147733333333,22.0121,22.280116666667,"10.303316666667","13.8545","10.303316666667","28.0089","24.792733333333","24.960233333333","17.221401041667",23.703933333333,13.9215,24.0222,15.295066666667,"18.109183333333",14.440783333333,18.39395,24.00545,15.764083333333,14.625033333333,24.34045,24.826233333333,"16.0656","16.434116666667",19.7005,24.03895,"20.303533333333",24.30695,"28.193166666667","20.990316666667"
"",6,"22.363866666667",18.661966666667,"<LOD","14.79255",20.270033333333,"21.576583333333",14.424033333333,22.631883333333,15.91485,24.23995,"Impute","25.4293",23.720683333333,"19.61675","26.970366666667",19.901516666667,22.698883333333,22.9669,"11.2581","14.72555","11.27485","28.561683333333","25.4293","25.5968","18.025433333333",24.3572,14.79255,24.675466666667,16.1326,"<LOD",15.244816666667,19.181233333333,24.658716666667,16.568116666667,15.479316666667,24.993783333333,25.4628,"16.886383333333","17.254898958333",20.420783333333,24.675466666667,"<LOD",24.926733333333,"28.745933333333","21.72735"
"",7,"23.0339",19.4325,"<LOD","15.630083333333",21.007066666667,"22.280116666667",15.295066666667,23.301916666667,16.735633333333,24.876483333333,"Impute","26.032316666667",24.373966666667,"20.370533333333","27.539883333333",20.6553,23.368916666667,23.636933333333,"12.2129","15.563083333333","12.2129","29.0977","26.032316666667","26.216583333333","18.846216666667",25.010533333333,15.630083333333,25.312033333333,16.953383333333,"<LOD",16.1661,19.951766666667,25.295283333333,17.37215,16.316866666667,25.6303,26.082566666667,"17.690416666667","18.058933333333",21.157816666667,25.312033333333,"21.76085",25.58005,"29.281966666667","22.397366666667"
"",8,"23.720683333333",20.203033333333,"Impute","16.467616666667",21.72735,"22.9669",16.14935,23.971933333333,17.556416666667,25.5298,"23.720683333333","26.6521",25.027283333333,"21.107566666667","28.126166666667",21.375583333333,24.0557,24.30695,"13.150933333333","16.417366666667","13.150933333333","29.600216666667","26.66885","26.8196","19.6",25.6303,16.467616666667,25.931816666667,17.774166666667,"20.387283333333",17.003633333333,20.70555,25.931816666667,18.2097,17.137651041667,26.250083333333,26.6856,"18.49445","18.846216666667",21.89485,25.948566666667,"22.464383333333",26.199833333333,"29.851483333333","23.08415"
"",9,"24.390716666667",20.956816666667,"Impute","17.305148958333",22.447633333333,"23.653683333333",16.970133333333,24.641966666667,18.3772,26.149583333333,"24.407466666667","Impute",25.6638,"21.8446","28.712433333333",22.112616666667,24.725716666667,24.976983333333,"14.005266666667","17.254898958333","14.005266666667","30.153","27.271866666667","27.439383333333","20.387283333333",26.266833333333,17.305148958333,26.5516,18.594966666667,"21.174566666667",17.824433333333,21.442583333333,26.5516,18.996983333333,17.975183333333,26.8531,27.288633333333,"19.315233333333","19.61675",22.598383333333,26.56835,"23.1679",26.80285,"30.37075","23.770933333333"
"",10,"25.077533333333",21.7106,"Impute","18.176183333333",23.18465,"24.3572",17.857933333333,25.328783333333,19.248233333333,26.80285,"25.077533333333","27.89165",26.333833333333,"<LOD","29.281966666667",22.84965,25.3958,25.64705,"14.9433","18.109183333333","14.9433","30.672266666667","27.89165","28.02565","21.174566666667",26.903366666667,18.176183333333,27.188116666667,19.41575,"21.92835",18.678716666667,22.196366666667,27.188116666667,19.817766666667,18.812716666667,27.489633333333,27.9084,"20.119283333333","20.420783333333",23.335416666667,27.188116666667,"23.9887",27.439383333333,"30.923533333333","24.474466666667"
"",11,"25.764316666667",22.464383333333,"Impute","19.030483333333",23.904933333333,"25.094283333333",18.745716666667,25.998816666667,20.069016666667,27.439383333333,"25.764316666667","28.494683333333",26.970366666667,"23.318666666667","29.868233333333",23.586683333333,26.065816666667,26.317083333333,"15.831083333333","18.963483333333","15.831083333333","31.15805","28.477933333333","28.712433333333","21.92835",27.539883333333,19.030483333333,27.8079,20.219783333333,"22.682133333333",19.51625,22.95015,27.8079,20.60505,19.65025,28.092666666667,28.511433333333,"20.906566666667","21.191316666667",24.0557,27.82465,"24.608466666667",28.0424,"31.45955","25.161283333333"
"",12,"26.434333333333",23.201416666667,"<LOD","19.851266666667",24.608466666667,"25.764316666667",19.61675,26.6521,20.87305,28.059166666667,"26.434333333333","29.0977",27.606883333333,"<LOD","30.454516666667",24.30695,26.73585,26.970366666667,"16.735633333333","19.801016666667","16.735633333333","31.727566666667","29.0977","29.248466666667","22.698883333333",28.159666666667,19.851266666667,28.427666666667,21.023816666667,"23.435916666667",20.337033333333,23.703933333333,28.427666666667,21.409083333333,20.454283333333,28.695683333333,29.0977,"21.6771","21.9786",24.775983333333,28.427666666667,"25.245033333333",28.662183333333,"31.945333333333","25.848066666667"
"",13,"27.121116666667",23.955183333333,"<LOD","20.6888",25.328783333333,"26.56835",20.471033333333,27.322133333333,21.69385,28.695683333333,"Impute","29.717483333333",28.243416666667,"24.792733333333","31.024033333333",25.044033333333,27.405883333333,27.623633333333,"17.723916666667","20.6218","17.723916666667","32.246833333333","29.734233333333","29.884983333333","23.486166666667",28.779433333333,20.6888,29.04745,21.8111,"24.20645",21.141066666667,24.440966666667,29.04745,22.179616666667,21.275083333333,29.315466666667,29.734233333333,"22.414116666667","22.765883333333",25.51305,29.08095,"25.848066666667",29.281966666667,"32.48135","26.53485"
"20230202_110_121",1,"18.519633333333",14.3989,"<LOD","10.127466666667",16.191233333333,"17.648583333333",9.7422,18.821133333333,11.367033333333,20.613466666667,"18.519633333333","21.936766666667",20.027183333333,"15.4542","Impute",15.789216666667,18.9049,19.2064,"6.25805","10.043716666667","6.25805","25.320416666667","21.970266666667","22.104283333333","13.712133333333",20.747466666667,10.127466666667,21.082483333333,11.601533333333,"14.650166666667",10.7305,14.985183333333,21.082483333333,12.10405,10.898,21.43425,21.987033333333,"12.455816666667","12.857833333333",16.35875,21.115983333333,"17.045566666667",21.384,"25.605183333333","17.79935"
"",2,"19.2734",15.23645,"9.825966666667","<LOD",16.995316666667,"18.419116666667",10.63,19.558166666667,12.254816666667,21.33375,"19.2734","22.6068",20.747466666667,"16.274983333333","Impute",16.576533333333,19.658666666667,19.943433333333,"7.2631","10.94825","7.2631","25.9067","22.59005","22.824566666667","14.566416666667",21.451,11.048766666667,21.786016666667,12.489316666667,"15.47095",11.635033333333,15.789216666667,21.786016666667,13.0421,11.80255,22.154533333333,22.65705,"13.343616666667","<LOD",17.129317708333,21.819516666667,"17.79935",22.087533333333,"26.275216666667","18.553133333333"
"",3,"20.027183333333",16.073983333333,"<LOD","11.9533",17.7826,"19.18965",11.584783333333,20.2952,13.15935,22.054033333333,"20.027183333333","23.310333333333",21.4845,"17.079066666667","24.96865",17.380582291667,20.3957,20.680466666667,"8.234633333333","11.8863","8.234633333333","26.543216666667","23.310333333333","23.511333333333","15.3872",22.154533333333,11.9533,22.5063,13.393866666667,"16.291733333333",12.556333333333,16.593283333333,22.48955,13.913133333333,12.707083333333,22.858066666667,23.343833333333,"14.1979","14.599916666667",17.93335,22.52305,"18.603383333333",22.791066666667,"26.861483333333","19.323666666667"
"",4,"20.780966666667",16.8948,"<LOD","12.874583333333",18.586633333333,"19.960183333333",12.506083333333,21.048983333333,14.030383333333,22.757566666667,"20.780966666667","23.997116666667",22.204783333333,"17.8831","25.621933333333",18.184616666667,21.149483333333,21.4175,"9.222933333333","12.807583333333","9.222933333333","27.1295","23.997116666667","24.198116666667","16.207983333333",22.874816666667,12.874583333333,23.209833333333,14.2649,"17.095816666667",13.460866666667,17.397332291667,23.193083333333,14.733916666667,13.611616666667,23.54485,24.030616666667,"15.085683333333","15.47095",18.720633333333,23.226583333333,"19.357166666667",23.494583333333,"27.498016666667","20.07745"
"",5,"21.53475",17.715583333333,"12.623333333333","13.795883333333",19.390666666667,"20.730716666667",13.410616666667,21.802766666667,14.918183333333,23.461083333333,"21.53475","24.6839",22.925066666667,"18.703883333333","26.258466666667",18.98865,21.886516666667,22.154533333333,"10.211233333333","13.712133333333","10.211233333333","27.715816666667","24.70065","24.86815","17.062316666667",23.57835,13.795883333333,23.913366666667,15.152683333333,"17.9501",14.34865,18.218116666667,23.8966,15.655216666667,14.499416666667,24.231616666667,24.7174,"15.939966666667","16.291733333333",19.524666666667,23.930116666667,"20.1612",24.181366666667,"28.084333333333","20.847983333333"
"",6,"22.288533333333",18.536383333333,"13.527866666667","14.683666666667",20.17795,"21.4845",14.3319,22.5398,15.789216666667,24.181366666667,"22.288533333333","25.353916666667",23.6286,"19.507916666667","26.911733333333",19.792683333333,22.62355,22.908316666667,"11.149266666667","14.616666666667","11.149266666667","28.335583333333","25.353916666667","25.521433333333","17.86635",24.281866666667,14.683666666667,24.583383333333,16.006983333333,"18.737383333333",15.23645,19.05565,24.600133333333,16.459283333333,15.3872,24.90165,25.370666666667,"16.77755","17.146067708333",20.31195,24.600133333333,"20.931733333333",24.86815,"28.68735","21.601766666667"
"",7,"23.025566666667",19.357166666667,"Impute","15.57145",20.965233333333,"22.238283333333",15.2197,23.260083333333,16.64355,24.86815,"23.025566666667","Impute",24.332133333333,"<LOD","27.548266666667",20.596716666667,23.360583333333,23.64535,"12.137566666667","15.50445","12.137566666667","28.921866666667","26.0407","26.208216666667","18.703883333333",24.96865,15.588216666667,25.270166666667,16.8613,"19.574916666667",16.107483333333,19.859683333333,25.286916666667,17.296815625,16.241483333333,25.588433333333,26.05745,"17.631833333333","17.9836",21.099233333333,25.303666666667,"<LOD",25.538183333333,"29.290383333333","22.355533333333"
"",8,"23.74585",20.17795,"Impute","16.442533333333",21.735766666667,"22.992066666667",16.090733333333,23.980366666667,17.481083333333,25.554933333333,"23.74585","Impute",25.03565,"<LOD","28.184833333333",21.384,24.097616666667,24.332133333333,"13.0756","16.3755","13.0756","29.508133333333","26.693983333333","<LOD","19.558166666667",25.655433333333,16.442533333333,25.95695,17.715583333333,"20.37895",16.97855,20.680466666667,25.95695,18.134366666667,17.095816666667,26.258466666667,26.710733333333,"18.469366666667","18.821133333333",21.886516666667,25.9737,"22.4058",26.208216666667,"29.87665","23.092566666667"
"",9,"24.482883333333",20.981983333333,"16.224733333333","17.313565625",22.5063,"23.7291",16.97855,24.70065,18.368866666667,26.241716666667,"24.482883333333","Impute",25.739183333333,"21.886516666667","28.821366666667",22.154533333333,24.80115,25.052416666667,"14.030383333333","17.246565625","14.013633333333","30.077666666667","27.364016666667","27.565016666667","20.3957",26.325466666667,17.313565625,26.626983333333,18.586633333333,"21.199733333333",17.83285,21.46775,26.643733333333,19.0054,17.96685,26.945233333333,27.380766666667,"19.323666666667","19.658666666667",22.65705,26.660483333333,"23.126066666667",26.894983333333,"30.479683333333","23.8296"
"",10,"25.203166666667",21.769266666667,"17.112566666667","18.184616666667",23.276833333333,"24.466133333333",17.86635,25.404166666667,19.2399,26.928483333333,"25.203166666667","28.017333333333",26.425966666667,"22.65705","29.441133333333",22.925066666667,25.521433333333,25.755933333333,"14.951683333333","18.134366666667","14.951683333333","30.613683333333","28.017333333333","28.201583333333","21.2165",27.01225,18.201366666667,27.28025,19.440916666667,"22.003783333333",18.720633333333,22.271783333333,27.31375,19.842933333333,18.837883333333,27.598516666667,28.034083333333,"20.1947","20.496216666667",23.410833333333,27.3305,"23.963616666667",27.548266666667,"31.116216666667","24.566633333333"
"",11,"25.92345",22.5733,"18.03385","19.08915",24.030616666667,"25.219916666667",18.770883333333,26.12445,20.1277,27.615266666667,"Impute","28.68735",27.1295,"<LOD","30.077666666667",23.71235,26.241716666667,26.476216666667,"15.872966666667","19.02215","15.872966666667","31.216716666667","28.68735","28.871616666667","22.037283333333",27.699066666667,19.08915,27.983816666667,20.2952,"22.807816666667",19.591666666667,23.059066666667,28.000583333333,20.680466666667,19.708933333333,28.268583333333,28.7041,"20.998733333333","21.317",24.181366666667,28.000583333333,"24.73415",28.218333333333,"31.668983333333","25.286916666667"
"",12,"26.643733333333",23.360583333333,"19.0054","19.960183333333",24.7844,"25.95695",19.708933333333,26.844733333333,20.981983333333,28.285333333333,"Impute","29.340633333333",27.799566666667,"24.231616666667","30.7142",24.466133333333,26.945233333333,27.17975,"16.77755","19.909933333333","16.77755","<LOD","29.374133333333","29.524883333333","22.858066666667",28.369083333333,19.976933333333,28.6371,21.132733333333,"23.5951",20.445966666667,23.84635,28.65385,21.518,20.579966666667,28.938616666667,29.357383333333,"21.836266666667","22.121033333333",24.93515,28.65385,"25.471183333333",28.888366666667,"32.305516666667","26.02395"
"",13,"27.364016666667",24.147866666667,"19.926683333333","20.847983333333",25.554933333333,"26.677233333333",20.630216666667,27.548266666667,21.853016666667,28.988866666667,"Impute","30.010666666667",28.5031,"<LOD","31.350716666667",25.236666666667,27.665516666667,27.900066666667,"17.8161","20.764216666667","17.8161","<LOD","30.010666666667","30.194916666667","23.67885",29.055866666667,20.847983333333,29.323883333333,21.970266666667,"24.399133333333",21.317,24.650383333333,29.340633333333,22.355533333333,21.43425,29.5919,30.010666666667,"<LOD","22.958566666667",25.705683333333,29.357383333333,"26.241716666667",29.5584,"32.875033333333","26.744233333333"
"20230202_12_QCs_146b",1,"17.8832",13.884933333333,"8.520566666667","9.72005",15.617516666667,"17.033566666667",9.3702,18.199716666667,10.95285,19.949,"17.8832","21.248433333333",19.38255,"<LOD","22.981016666667",15.23435,18.2497,18.532916666667,"5.988333333333","9.653416666667","5.988333333333","24.880183333333","21.248433333333","21.431683333333","13.2019",20.098933333333,9.72005,20.432116666667,11.169416666667,"14.134833333333",10.303133333333,14.45135,20.415466666667,11.652533333333,10.469716666667,20.798633333333,21.315066666667,"12.002383333333","12.38555",15.800766666667,20.465433333333,"16.450483333333",20.74865,"24.963483333333","17.200166666667"
"",2,"18.649533333333",14.734566666667,"9.47015","10.652966666667",16.433833333333,"17.81655",10.303133333333,18.96605,11.85245,20.682016666667,"18.649533333333","21.98145",20.13225,"15.734133333333","23.66405",16.050666666667,19.016033333333,19.3159,"6.9879","10.569683333333","6.9879","25.463266666667","22.014766666667","22.1647","14.08485",20.8486,10.652966666667,21.1818,12.069016666667,"15.001116666667",11.2194,15.300983333333,21.148483333333,12.535483333333,11.385983333333,21.53165,22.031433333333,"12.868683333333","13.235216666667",16.600416666667,21.19845,"17.233484375",21.481666666667,"25.6132","17.98315"
"",3,"19.432516666667",15.5842,"10.403083333333","11.569233333333",17.250134375,"18.59955",11.2194,19.74905,12.752066666667,21.431683333333,"19.432516666667","22.68115",20.898583333333,"16.5671","24.330433333333",16.866966666667,19.799033333333,20.098933333333,"7.9708","11.5026","7.9708","26.112983333333","22.6978","22.8644","14.917816666667",21.581616666667,11.569233333333,21.914816666667,12.968633333333,"<LOD",12.135666666667,16.1173,21.881483333333,13.435133333333,12.2856,22.248,22.747783333333,"13.751666666667","14.118166666667",17.416733333333,21.914816666667,"18.033133333333",22.198016666667,"26.212933333333","18.76615"
"",4,"20.198883333333",16.417166666667,"11.336016666667","12.485516666667",18.06645,"19.3992",12.152316666667,20.498766666667,13.63505,22.1647,"20.198883333333","Impute",21.6316,"17.383416666667","Impute",17.683283333333,20.5654,20.8486,"8.970366666667","12.418866666667","8.970366666667","26.71275","23.380833333333","23.58075","15.750783333333",22.314633333333,12.485516666667,22.631166666667,13.868283333333,"16.617083333333",13.051933333333,16.950266666667,22.6145,14.318083333333,13.2019,22.96435,23.464133333333,"14.61795","14.98445",18.216383333333,22.647816666667,"18.832783333333",22.914383333333,"26.846033333333","19.549133333333"
"",5,"20.981883333333",17.266801041667,"12.2856","13.401816666667",18.882766666667,"20.198883333333",13.068583333333,21.28175,14.53465,22.914383333333,"20.981883333333","Impute",22.397933333333,"18.216383333333","25.6965",18.4996,21.331733333333,21.614933333333,"9.919966666667","13.335166666667","9.919966666667","27.3125","24.0972","24.2971","16.600416666667",23.04765,13.401816666667,23.364183333333,14.751216666667,"17.466717708333",13.951566666667,17.783233333333,23.347516666667,15.184366666667,14.1015,23.697366666667,24.163833333333,"15.5009","15.85075",19.04935,23.380833333333,"19.615766666667",23.647383333333,"27.49575","20.348833333333"
"",6,"21.764883333333",18.099766666667,"13.1852","14.301416666667",19.682416666667,"20.981883333333",13.968233333333,22.031433333333,15.4176,23.630733333333,"21.764883333333","Impute",23.13095,"19.0327","26.346216666667",19.3159,22.098066666667,22.381266666667,"10.919516666667","14.25145","10.919516666667","27.94555","24.81355","24.98015","17.450051041667",23.764,14.301416666667,24.063883333333,15.634166666667,"18.316333333333",14.851183333333,18.59955,24.063883333333,16.050666666667,14.98445,24.397066666667,24.863533333333,"16.38385","16.717033333333",19.849,24.0972,"20.465433333333",24.347083333333,"28.095483333333","21.11515"
"",7,"22.531216666667",18.916083333333,"14.1015","15.201033333333",20.4821,"21.764883333333",14.8845,22.797766666667,16.267233333333,24.347083333333,"22.531216666667","Impute",23.8473,"19.849","26.995966666667",20.1156,22.847733333333,23.114283333333,"11.85245","15.15105","11.85245","28.511966666667","25.496583333333","25.663183333333","18.299683333333",24.480366666667,15.201033333333,24.780233333333,16.500466666667,"19.13265",15.717466666667,19.432516666667,24.763566666667,16.91695,15.8674,25.0801,25.5299,"17.216817708333","17.53335",20.632033333333,24.796883333333,"21.248433333333",25.030116666667,"28.7452","21.881483333333"
"",8,"23.280883333333",19.74905,"15.017783333333","16.083983333333",21.28175,"22.547866666667",15.76745,23.530766666667,17.133516666667,25.063433333333,"Impute","Impute",24.580316666667,"20.66535","27.645683333333",20.9319,23.597416666667,23.863966666667,"12.802033333333","16.034","12.802033333333","29.09505","26.196283333333","26.32955","19.165966666667",25.18005,16.083983333333,25.463266666667,17.3501,"19.965666666667",16.600416666667,20.248866666667,25.463266666667,17.766583333333,16.75035,25.7798,26.212933333333,"18.06645","18.399633333333",21.44835,25.479933333333,"22.031433333333",25.71315,"29.311616666667","22.664483333333"
"",9,"24.03055",20.58205,"15.917383333333","16.966933333333",22.0814,"23.3142",16.6504,24.28045,18.033133333333,25.763133333333,"Impute","Impute",25.296666666667,"21.465","28.2954",21.748216666667,24.347083333333,24.596983333333,"13.768316666667","16.91695","13.768316666667","29.71145","26.87935","27.029283333333","20.015633333333",25.87975,16.966933333333,26.162966666667,18.216383333333,"20.815283333333",17.466717708333,21.081833333333,26.1463,18.632866666667,17.61665,26.462833333333,26.896,"18.932733333333","19.265933333333",22.248,26.179616666667,"22.814416666667",26.41285,"29.911366666667","23.41415"
"",10,"24.780233333333",21.398366666667,"16.817","17.866533333333",22.8644,"24.063883333333",17.55,25.013466666667,18.916083333333,26.446166666667,"Impute","27.529066666667",25.996366666667,"22.297983333333","28.92845",22.547866666667,25.0801,25.329983333333,"14.7179","17.7999","14.7179","30.294533333333","27.545733333333","27.679","20.8486",26.562816666667,17.866533333333,26.846033333333,19.099333333333,"21.6316",18.366316666667,21.914816666667,26.846033333333,19.499166666667,18.4996,27.1459,27.562383333333,"19.782366666667","20.098933333333",23.04765,26.87935,"23.614066666667",27.079266666667,"30.527766666667","24.180483333333"
"",11,"25.496583333333",22.214683333333,"17.733266666667","18.749483333333",23.647383333333,"24.796883333333",18.466266666667,25.729816666667,19.799033333333,27.1459,"Impute","28.19545",26.6961,"23.080966666667","29.561516666667",23.330866666667,25.813116666667,26.04635,"15.617516666667","18.6995","15.617516666667","30.86095","28.19545","28.362033333333","21.698233333333",27.262516666667,18.749483333333,27.529066666667,19.965666666667,"22.447916666667",19.249266666667,22.714466666667,27.529066666667,20.348833333333,19.38255,27.812283333333,28.228766666667,"20.6487","20.948566666667",23.83065,27.545733333333,"24.480366666667",27.745633333333,"31.1275","24.9135"
"",12,"26.212933333333",23.014333333333,"18.666183333333","19.632433333333",24.413716666667,"25.5299",19.3992,26.429516666667,20.66535,27.828933333333,"Impute","28.845166666667",27.379133333333,"23.863966666667","30.194566666667",24.11385,26.512816666667,26.746066666667,"16.533783333333","19.58245","16.533783333333","31.444033333333","28.845166666667","29.01175","22.51455",27.9289,19.632433333333,28.19545,20.815283333333,"23.264216666667",20.1156,23.514116666667,28.19545,21.19845,20.248866666667,28.462,28.878483333333,"21.481666666667","21.7982",24.580316666667,28.2121,"25.130083333333",28.412016666667,"31.727233333333","25.646516666667"
"",13,"26.945983333333",23.813983333333,"19.549133333333","20.515416666667",25.18005,"26.262916666667",20.3155,27.1459,21.564966666667,28.511966666667,"Impute","29.511533333333",28.078833333333,"<LOD","30.827633333333",24.89685,27.24585,27.462433333333,"17.55","20.465433333333","17.55","32.027116666667","29.511533333333","29.6115","23.364183333333",28.611933333333,20.515416666667,28.878483333333,21.681583333333,"<LOD",20.99855,24.313766666667,28.878483333333,22.048083333333,21.11515,29.145033333333,29.54485,"22.314633333333","22.631166666667",25.363316666667,28.895133333333,"25.8631",29.078383333333,"32.293666666667","26.379533333333"
"20230202_122_133",1,"18.4837",14.362983333333,"8.852","10.0748",16.155316666667,"17.595866666667",9.723033333333,18.785216666667,11.34785,20.577533333333,"18.4837","21.8841",20.008016666667,"<LOD","Impute",15.7533,18.885716666667,19.170483333333,"6.23885","10.0078","6.23885","25.385","21.96785","22.10185","13.69295",20.7283,10.0748,21.080066666667,11.565616666667,"14.631",10.694566666667,14.94925,21.063316666667,12.118383333333,10.862083333333,21.431833333333,21.96785,"12.43665","12.821916666667",16.339566666667,21.113566666667,"17.0431",21.364833333333,"25.636266666667","17.746633333333"
"",2,"19.254233333333",15.217266666667,"<LOD","11.029583333333",16.9761,"18.3999",10.677816666667,19.539,12.252383333333,21.314566666667,"19.254233333333","22.604383333333",20.74505,"16.255816666667","Impute",16.574083333333,19.6395,19.924266666667,"7.260666666667","10.945833333333","7.260666666667","25.988033333333","22.587633333333","22.805383333333","14.563983333333",21.448583333333,11.029583333333,21.80035,12.4869,"<LOD",11.615866666667,15.7868,21.80035,12.939166666667,11.783366666667,22.152116666667,22.671383333333,"13.307683333333","13.7097",17.143598958333,21.83385,"17.813633333333",22.0851,"26.289533333333","18.53395"
"",3,"20.024766666667",16.0548,"10.761583333333","11.950883333333",17.780133333333,"19.187233333333",11.599116666667,20.309533333333,13.156933333333,22.0516,"20.024766666667","23.307916666667",21.482083333333,"<LOD","24.982983333333",17.378116666667,20.393283333333,20.67805,"8.248966666667","11.883866666667","8.248966666667","26.59105","23.307916666667","<LOD","15.401533333333",22.168866666667,11.950883333333,22.503866666667,13.374683333333,"<LOD",12.53715,16.607583333333,22.503866666667,13.826966666667,12.687916666667,22.855633333333,23.374916666667,"14.212233333333","14.563983333333",17.947633333333,22.520633333333,"18.5842",22.788633333333,"26.942816666667","19.321233333333"
"",4,"20.7953",16.89235,"11.699616666667","12.872166666667",18.5842,"19.974516666667",12.5204,21.063316666667,14.044716666667,22.771883333333,"20.7953","24.011433333333",22.219116666667,"17.897383333333","25.653016666667",18.1989,21.163816666667,21.431833333333,"9.237266666667","12.788416666667","9.237266666667","27.210833333333","24.011433333333","24.21245","16.239066666667",22.9059,12.872166666667,23.22415,14.262483333333,"17.110098958333",13.4417,17.428366666667,23.22415,14.71475,13.59245,23.559166666667,24.0617,"15.066516666667","15.451783333333",18.751716666667,23.25765,"19.388233333333",23.508916666667,"27.5291","20.091766666667"
"",5,"21.549083333333",17.713133333333,"<LOD","13.7767",19.388233333333,"20.74505",13.4417,21.8171,14.9325,23.492166666667,"21.565833333333","24.698216666667",22.9394,"18.718216666667","26.323033333333",19.002966666667,21.9176,22.185616666667,"10.22555","13.7097","10.22555","<LOD","24.714966666667","24.899233333333","17.093348958333",23.609416666667,13.7767,23.927683333333,15.133516666667,"<LOD",14.346233333333,18.2659,23.927683333333,15.585783333333,14.480233333333,24.2627,24.748466666667,"15.93755","16.289316666667",19.55575,23.961183333333,"20.175516666667",24.21245,"28.148866666667","20.8623"
"",6,"22.302866666667",18.5507,"13.52545","14.68125",20.192266666667,"21.498833333333",14.329483333333,22.554133333333,15.7868,24.1957,"22.302866666667","25.385",23.659666666667,"19.52225","26.959566666667",19.823766666667,22.654633333333,22.92265,"11.18035","14.5975","11.18035","28.416883333333","25.40175","25.602766666667","17.897383333333",24.31295,14.68125,24.614466666667,16.00455,"18.751716666667",15.217266666667,19.086733333333,24.631216666667,16.440066666667,15.368033333333,24.949483333333,25.43525,"16.791833333333","17.126848958333",20.343033333333,24.647966666667,"20.9628",24.899233333333,"28.76865","21.616083333333"
"",7,"23.0399",19.371483333333,"Impute","15.569033333333",20.979566666667,"22.269366666667",15.217266666667,23.291166666667,16.657833333333,24.899233333333,"23.0399","Impute",24.37995,"20.326283333333","27.61285",20.61105,23.391666666667,23.659666666667,"12.135133333333","15.502033333333","12.135133333333","29.00315","26.071783333333","26.256033333333","18.751716666667",25.016483333333,15.569033333333,25.318,16.875583333333,"19.58925",16.10505,19.890766666667,25.33475,17.311116666667,16.239066666667,25.636266666667,26.105283333333,"17.612616666667","18.014633333333",21.147066666667,25.3515,"21.716583333333",25.586016666667,"29.371666666667","22.369866666667"
"",8,"23.793683333333",20.192266666667,"Impute","16.440066666667",21.7501,"23.02315",16.121816666667,24.011433333333,17.512116666667,25.602766666667,"23.793683333333","Impute",25.083483333333,"21.130316666667","28.249366666667",21.398333333333,24.1287,24.37995,"13.089933333333","16.373066666667","13.089933333333","29.589433333333","26.7083","26.942816666667","19.55575",25.703266666667,16.456816666667,26.004783333333,17.729883333333,"20.410033333333",16.9761,20.71155,26.021533333333,18.14865,17.110098958333,26.306283333333,26.775316666667,"18.4837","<LOD",21.9176,26.021533333333,"22.487116666667",26.256033333333,"29.974733333333","23.12365"
"",9,"24.513966666667",20.996316666667,"16.255816666667","17.327866666667",22.520633333333,"23.776933333333",17.0096,24.731716666667,18.3999,26.289533333333,"24.513966666667","Impute",25.787016666667,"21.9176","28.90265",22.185616666667,24.848983333333,25.100233333333,"14.011216666667","17.2441","14.011216666667","30.159","27.411833333333","27.57935","20.426783333333",26.39005,17.327866666667,26.69155,18.60095,"21.214066666667",17.847133333333,21.498833333333,26.69155,19.019716666667,17.981133333333,26.993066666667,27.445333333333,"19.321233333333","19.6395",22.688133333333,26.7083,"23.22415",26.942816666667,"30.577766666667","23.860683333333"
"",10,"25.23425",21.80035,"17.143598958333","18.21565",23.291166666667,"24.497216666667",17.897383333333,25.46875,19.287733333333,26.976316666667,"25.251","28.081866666667",26.4738,"22.704883333333","29.522433333333",22.95615,25.56925,25.803766666667,"14.94925","18.14865","14.94925","30.762016666667","28.065116666667","28.266116666667","21.214066666667",27.076816666667,18.21565,27.361583333333,19.45525,"22.0181",18.734966666667,22.302866666667,27.378333333333,19.907516666667,18.868966666667,27.6631,28.098616666667,"20.158766666667","20.510533333333",23.458666666667,27.395083333333,"<LOD",27.61285,"31.164033333333","24.597716666667"
"",11,"25.971283333333",22.587633333333,"18.0649","19.086733333333",24.0617,"25.251",18.818716666667,26.172283333333,20.142016666667,27.6631,"Impute","28.73515",27.177333333333,"<LOD","30.14225",23.726683333333,26.272783333333,26.5073,"15.8873","19.019716666667","15.8873","31.29805","28.7184","28.90265","<LOD",27.74685,19.086733333333,28.031616666667,20.292783333333,"<LOD",19.58925,23.09015,28.048366666667,20.6948,19.72325,28.316383333333,28.7519,"20.979566666667","21.297816666667",24.21245,28.048366666667,"24.765216666667",28.266116666667,"31.733566666667","25.318"
"",12,"26.65805",23.358166666667,"18.986216666667","19.957766666667",24.798716666667,"25.971283333333",19.7065,26.875816666667,20.996316666667,28.333133333333,"Impute","29.388416666667",27.84735,"<LOD","30.762016666667",24.480466666667,26.976316666667,27.210833333333,"16.825333333333","19.890766666667","16.825333333333","31.884316666667","29.371666666667","29.555933333333","22.872383333333",28.416883333333,19.957766666667,28.70165,21.130316666667,"<LOD",20.426783333333,23.860683333333,28.7184,21.515583333333,20.560783333333,28.9864,29.405166666667,"21.8171","22.135366666667",24.966233333333,28.7184,"25.519",28.93615,"32.319833333333","26.038283333333"
"",13,"27.395083333333",24.14545,"19.907516666667","20.81205",25.5525,"26.7083",20.5943,27.57935,21.8506,29.0199,"Impute","30.041733333333",28.534133333333,"<LOD","31.3818",25.251,27.6966,27.931116666667,"17.780133333333","20.74505","17.780133333333","32.4371","30.024983333333","30.1925","23.676433333333",29.086916666667,20.7953,29.371666666667,21.96785,"<LOD",21.297816666667,24.647966666667,29.388416666667,22.353116666667,21.415083333333,29.639683333333,30.058483333333,"22.637883333333","22.95615",25.736766666667,29.388416666667,"26.239283333333",29.589433333333,"32.922866666667","26.775316666667"
"20230202_13_24",1,"18.278216666667",14.274783333333,"8.847516666667","10.070316666667",16.016866666667,"17.423917708333",9.68505,18.596466666667,11.29315,20.33855,"18.278216666667","21.62835",19.769016666667,"<LOD","Impute",15.61485,18.680233333333,18.948233333333,"6.2344","9.986566666667","6.2344","25.14605","21.5781","21.779116666667","13.588",20.4893,10.070316666667,20.807566666667,11.544416666667,"14.5093",10.656633333333,14.827566666667,20.790816666667,12.013433333333,10.824133333333,21.176083333333,21.6786,"<LOD","12.750466666667",16.184366666667,20.841066666667,"<LOD",21.109083333333,"25.31355","17.591433333333"
"",2,"19.015233333333",15.095566666667,"9.75205","10.99165",16.7874,"18.1777",10.606383333333,19.31675,12.14745,21.008583333333,"19.015233333333","22.298416666667",20.47255,"<LOD","Impute",16.385383333333,19.4005,19.651766666667,"7.2227","10.891133333333","7.2227","<LOD","22.315166666667","22.449183333333","14.408783333333",21.159333333333,10.9749,21.49435,12.3987,"15.313333333333",11.561166666667,15.61485,21.46085,12.867716666667,11.711916666667,21.846116666667,22.331916666667,"13.202733333333","13.588",16.9549,21.5111,"17.624933333333",21.779116666667,"25.866333333333","18.328466666667"
"",3,"19.735516666667",15.8996,"<LOD","11.862683333333",17.557933333333,"18.931483333333",11.510916666667,20.037033333333,13.018483333333,21.69535,"19.735516666667","22.9517",21.159333333333,"<LOD","Impute",17.155916666667,20.087283333333,20.37205,"8.194233333333","11.795683333333","8.194233333333","26.2516","22.9517","23.10245","15.229583333333",21.846116666667,11.862683333333,22.164416666667,13.26975,"16.100616666667",12.4322,16.402133333333,22.147666666667,13.705266666667,12.582966666667,22.516183333333,23.00195,"14.057033333333","14.408783333333",17.708683333333,22.181166666667,"18.345216666667",22.449183333333,"26.43585","19.0655"
"",4,"20.4558",16.686883333333,"<LOD","12.733716666667",18.328466666667,"19.635016666667",12.3652,20.740566666667,13.872766666667,22.382183333333,"20.4558","23.604983333333",21.846116666667,"17.658433333333","25.17955",17.9432,20.807566666667,21.058833333333,"9.132283333333","12.666716666667","9.149033333333","26.821116666667","23.604983333333","23.738983333333","<LOD",22.516183333333,12.733716666667,22.83445,14.124033333333,"16.8879",13.202733333333,17.172666666667,22.8177,14.55955,13.454,23.169466666667,23.638483333333,"14.894566666667","15.263083333333",18.462466666667,22.86795,"19.099",23.1192,"27.005383333333","19.785766666667"
"",5,"21.176083333333",17.474165625,"<LOD","13.6215",19.099,"20.40555",13.252983333333,21.4441,14.72705,23.06895,"21.159333333333","24.25825",22.549683333333,"18.428966666667","25.782566666667",18.713733333333,21.5111,21.779116666667,"10.120566666667","13.5545","10.120566666667","27.39065","24.25825","24.409016666667","16.80415",23.186216666667,13.6215,23.504466666667,14.961566666667,"17.675183333333",14.157533333333,17.9767,23.487716666667,15.397083333333,14.308283333333,23.822733333333,24.291766666667,"15.71535","16.083866666667",19.21625,23.504466666667,"<LOD",23.789233333333,"27.59165","20.5228"
"",6,"21.87965",18.278216666667,"13.33675","14.49255",19.836033333333,"21.109083333333",14.124033333333,22.164416666667,15.547833333333,23.738983333333,"21.87965","24.911533333333",23.236466666667,"19.1995","26.43585",19.467516666667,22.214666666667,22.482683333333,"11.0419","14.42555","11.0419","27.976916666667","24.894783333333","25.17955","17.608183333333",23.856233333333,14.49255,24.15775,15.7991,"18.378716666667",15.011816666667,18.763983333333,24.141,16.217866666667,15.162566666667,24.476016666667,24.928283333333,"<LOD","<LOD",19.986783333333,24.1745,"<LOD",24.425766666667,"28.144433333333","21.243083333333"
"",7,"22.599933333333",19.04875,"Impute","15.346833333333",20.606566666667,"21.812616666667",14.995066666667,22.8512,16.385383333333,24.409016666667,"22.599933333333","Impute",23.9065,"19.953283333333","27.038883333333",20.23805,22.9182,23.202966666667,"11.929683333333","15.279833333333","11.929683333333","28.5297","25.548066666667","25.698816666667","18.412216666667",24.526266666667,15.346833333333,24.827783333333,16.619883333333,"19.2665",15.8661,19.534516666667,24.811033333333,17.03865,16.000116666667,25.11255,25.564816666667,"<LOD","<LOD",20.740566666667,24.844533333333,"21.310083333333",25.07905,"28.74745","21.9634"
"",8,"23.303466666667",19.836033333333,"Impute","16.201116666667",21.343583333333,"22.566433333333",15.8661,23.554733333333,17.239666666667,25.0623,"23.303466666667","Impute",24.576516666667,"20.740566666667","27.6419",21.008583333333,23.621733333333,23.872983333333,"12.917983333333","16.150866666667","12.934733333333","29.065716666667","26.201333333333","26.4191","19.24975",25.17955,16.217866666667,25.464316666667,17.457415625,"20.053783333333",16.720383333333,20.33855,25.464316666667,17.876183333333,16.8544,25.782566666667,26.201333333333,"18.1777","18.495966666667",21.49435,25.481066666667,"22.063916666667",25.715566666667,"29.266716666667","22.683683333333"
"",9,"24.02375",20.606566666667,"Impute","17.03865",22.080666666667,"23.269966666667",16.703633333333,24.2415,18.0772,25.732316666667,"24.007","Impute",25.24655,"<LOD","28.228183333333",21.745616666667,24.325266666667,24.559766666667,"13.822516666667","16.97165","13.822516666667","29.601733333333","26.787616666667","26.955116666667","20.003533333333",25.832833333333,17.03865,26.117583333333,18.278216666667,"<LOD",17.541183333333,21.092333333333,26.117583333333,18.680233333333,17.675183333333,26.40235,26.821116666667,"18.998483333333","19.3",22.231416666667,26.134333333333,"22.7842",26.3521,"29.90325","23.387216666667"
"",10,"24.693783333333",21.3771,"<LOD","17.89295",22.8177,"23.99025",17.574683333333,24.928283333333,18.931483333333,26.36885,"24.693783333333","27.4409",25.899833333333,"<LOD","28.81445",22.482683333333,24.995283333333,25.2298,"14.7438","17.842683333333","14.7438","30.171266666667","27.42415","27.65865","20.841066666667",26.46935,17.89295,26.754116666667,19.11575,"<LOD",18.395466666667,21.846116666667,26.754116666667,19.501016666667,18.529466666667,27.038883333333,27.45765,"19.785766666667","20.104033333333",22.9852,26.770866666667,"23.403966666667",27.022133333333,"30.439266666667","24.09075"
"",11,"25.38055",22.130916666667,"17.725433333333","18.747233333333",23.554733333333,"24.693783333333",18.462466666667,25.598316666667,19.769016666667,27.022133333333,"Impute","28.060666666667",26.5531,"22.9852","29.434233333333",23.236466666667,25.682066666667,25.916583333333,"15.5981","18.696983333333","15.5981","30.724033333333","28.060666666667","28.228183333333","21.59485",27.122633333333,18.747233333333,27.39065,19.919783333333,"22.365433333333",19.233,22.616683333333,27.39065,20.30505,19.367,27.65865,28.077416666667,"20.57305","20.924816666667",23.705483333333,27.4074,"24.22475",27.62515,"31.0088","24.777533333333"
"",12,"26.050583333333",22.8847,"<LOD","19.584766666667",24.275,"25.38055",19.35025,26.26835,20.589816666667,27.65865,"Impute","28.68045",27.206383333333,"<LOD","30.0205",23.95675,26.33535,26.56985,"16.519383333333","19.534516666667","16.519383333333","31.243316666667","28.68045","<LOD","22.382183333333",27.7424,19.584766666667,28.010416666667,20.723816666667,"<LOD",20.053783333333,23.353716666667,28.010416666667,21.092333333333,20.171033333333,28.278433333333,28.68045,"21.3771","21.6786",24.425766666667,28.027166666667,"24.643516666667",28.244933333333,"31.494566666667","25.481066666667"
"",13,"26.737366666667",23.638483333333,"19.551266666667","20.43905",24.995283333333,"26.084083333333",20.20455,26.938366666667,21.4106,28.295183333333,"Impute","29.316983333333",27.859666666667,"<LOD","30.623533333333",24.693783333333,27.022133333333,27.239883333333,"17.490916666667","20.37205","17.490916666667","31.779333333333","29.300233333333","<LOD","23.186216666667",28.378933333333,20.43905,28.64695,21.52785,"<LOD",20.874566666667,24.12425,28.64695,21.91315,20.991833333333,28.914966666667,29.316983333333,"22.449183333333","22.449183333333",25.14605,28.68045,"<LOD",28.8647,"32.08085","26.167833333333"
"20230202_134_145",1,"18.197483333333",14.110316666667,"8.75005","9.956133333333",15.90265,"17.326451041667",9.604366666667,18.4655,11.162183333333,20.257833333333,"18.180733333333","21.564433333333",19.67155,"<LOD","Impute",15.500616666667,18.566,18.867516666667,"6.153683333333","9.855633333333","6.153683333333","24.830816666667","21.530916666667","<LOD","13.457033333333",20.391833333333,9.956133333333,20.72685,11.37995,"<LOD",10.542416666667,14.696583333333,20.743633333333,11.848966666667,10.693166666667,21.0954,21.614683333333,"12.234233333333","12.60275",16.0534,20.760383333333,"16.706683333333",21.0284,"25.266333333333","17.460467708333"
"",2,"18.951266666667",14.9646,"9.671366666667","10.860666666667",16.689933333333,"18.096983333333",10.5089,19.236033333333,12.049966666667,20.9949,"18.968016666667","22.26795",20.408583333333,"15.9864","23.943033333333",16.287916666667,19.336533333333,19.6213,"7.175483333333","10.776916666667","7.175483333333","<LOD","22.26795","22.452216666667","14.244316666667",21.11215,10.860666666667,21.447166666667,12.267733333333,"<LOD",11.4302,15.517383333333,21.463916666667,12.787,11.58095,21.782183333333,22.30145,"13.088516666667","13.473783333333",16.857433333333,21.480666666667,"17.493966666667",21.748683333333,"25.886116666667","18.21425"
"",3,"19.7218",15.802133333333,"<LOD","11.765216666667",17.493966666667,"18.884266666667",11.41345,19.989816666667,12.921016666667,21.698433333333,"19.7218","22.971483333333",21.14565,"16.790433333333","24.629816666667",17.091948958333,20.090316666667,20.358333333333,"8.130266666667","11.681466666667","8.130266666667","26.388633333333","22.954733333333","23.1725","15.1321",21.815683333333,11.765216666667,22.1507,13.155516666667,"16.00315",12.317983333333,16.321416666667,22.16745,13.6078,12.4855,22.502466666667,23.004983333333,"13.95955","14.378333333333",17.611216666667,22.16745,"<LOD",22.435466666667,"26.55615","19.001533333333"
"",4,"20.475583333333",16.622916666667,"<LOD","12.66975",18.298,"19.6548",12.317983333333,20.72685,13.8088,22.435466666667,"20.475583333333","23.675016666667",21.882683333333,"17.594466666667","25.299833333333",17.895983333333,20.84415,21.11215,"9.101816666667","12.586","9.101816666667","<LOD","23.658266666667","23.876033333333","15.9864",22.535966666667,12.66975,22.854233333333,14.026566666667,"16.857433333333",13.222533333333,17.12545,22.870983333333,14.478833333333,13.373283333333,23.206,23.708516666667,"14.8306","15.215866666667",18.432,22.887733333333,"19.085283333333",23.15575,"27.108916666667","19.73855"
"",5,"21.229416666667",17.426948958333,"12.418483333333","13.557533333333",19.085283333333,"20.358333333333",13.205766666667,21.480666666667,14.679833333333,23.15575,"21.229416666667","Impute",22.602966666667,"18.41525","25.936366666667",18.700016666667,21.581183333333,21.865933333333,"10.039883333333","13.490533333333","10.039883333333","<LOD","24.34505","24.5628","16.773683333333",23.25625,13.557533333333,23.574516666667,14.8976,"17.611216666667",14.127066666667,17.946233333333,23.574516666667,15.366616666667,14.261066666667,23.892783333333,24.37855,"15.668133333333","16.0199",19.219283333333,23.591266666667,"19.872566666667",23.842516666667,"27.71195","20.52585"
"",6,"21.9832",18.2645,"<LOD","14.462083333333",19.889316666667,"21.179166666667",14.110316666667,22.2177,15.534133333333,23.859283333333,"21.9832","Impute",23.32325,"<LOD","26.58965",19.50405,22.334966666667,22.619716666667,"10.994683333333","14.378333333333","10.994683333333","28.331716666667","25.031833333333","25.199333333333","17.611216666667",23.959783333333,14.462083333333,24.2613,15.751883333333,"18.44875",14.9981,18.750266666667,24.27805,16.1874,15.1321,24.57955,25.065333333333,"16.522416666667","16.874183333333",20.023316666667,24.27805,"20.6096",24.54605,"<LOD","21.279666666667"
"",7,"22.720233333333",19.085283333333,"Impute","15.333116666667",20.6766,"21.9497",15.01485,22.954733333333,16.388416666667,24.57955,"22.720233333333","Impute",24.043533333333,"<LOD","27.226166666667",20.308083333333,23.071983333333,23.32325,"11.966216666667","15.266116666667","11.966216666667","<LOD","25.6851","25.902866666667","18.4655",24.663316666667,15.333116666667,24.981566666667,16.606166666667,"19.286283333333",15.869133333333,19.5878,24.981566666667,17.041683333333,16.00315,25.283083333333,25.7521,"17.359951041667","17.728466666667",20.81065,24.998333333333,"21.396916666667",25.232833333333,"28.96825","22.03345"
"",8,"23.474016666667",19.906066666667,"15.148866666667","16.2209",21.463916666667,"22.720233333333",15.885883333333,23.708516666667,17.25945,25.283083333333,"23.474016666667","Impute",24.747066666667,"20.84415","27.87945",21.11215,23.809016666667,24.060283333333,"12.904266666667","16.13715","12.904266666667","<LOD","26.388633333333","26.6064","19.303033333333",25.366833333333,16.20415,25.66835,17.460467708333,"20.123816666667",16.740183333333,20.391833333333,25.6851,17.895983333333,16.874183333333,25.969866666667,26.422133333333,"18.21425","18.566",21.581183333333,25.6851,"22.1507",25.919616666667,"29.571266666667","22.787233333333"
"",9,"24.211033333333",20.7101,"<LOD","17.075198958333",22.23445,"23.490766666667",16.773683333333,24.4288,18.130483333333,25.969866666667,"Impute","Impute",25.4506,"<LOD","28.515983333333",21.899433333333,24.54605,24.797316666667,"13.85905","17.008183333333","13.85905","<LOD","27.092166666667","27.276416666667","20.123816666667",26.053616666667,17.075198958333,26.338383333333,18.3315,"<LOD",17.611216666667,21.212666666667,26.355133333333,18.767016666667,17.728466666667,26.6399,27.092166666667,"19.085283333333","19.4203",22.385216666667,26.371883333333,"22.954733333333",26.6064,"30.1408","23.541016666667"
"",10,"24.948066666667",21.514166666667,"<LOD","17.962983333333",23.004983333333,"24.227783333333",17.661466666667,25.149083333333,19.018283333333,26.65665,"Impute","27.74545",26.154133333333,"<LOD","29.1525",22.669966666667,25.266333333333,25.50085,"14.78035","17.895983333333","14.78035","<LOD","27.7287","27.8962","20.9614",26.7404,17.962983333333,27.025166666667,19.202533333333,"21.731933333333",18.48225,21.99995,27.041916666667,19.60455,18.616266666667,27.309933333333,27.74545,"19.922816666667","20.257833333333",23.15575,27.041916666667,"23.708516666667",27.259666666667,"30.760566666667","24.27805"
"",11,"25.66835",22.318216666667,"17.795466666667","18.850766666667",23.775516666667,"24.998333333333",18.58275,25.869366666667,19.872566666667,27.343433333333,"Impute","28.398716666667",26.85765,"<LOD","29.772283333333",23.45725,25.969866666667,26.204383333333,"15.668133333333","18.783766666667","15.668133333333","31.3971","28.398716666667","28.582983333333","21.782183333333",27.410433333333,18.850766666667,27.6952,20.040066666667,"<LOD",19.353283333333,22.787233333333,27.71195,20.442083333333,19.47055,27.9632,28.398716666667,"20.743633333333","21.212666666667",23.926283333333,27.7287,"24.47905",27.9297,"31.34685","25.031833333333"
"",12,"26.371883333333",23.1055,"<LOD","19.7218",24.5293,"25.6851",19.4538,26.5729,20.743633333333,28.01345,"Impute","29.052",27.527683333333,"<LOD","30.408816666667",24.211033333333,26.6734,26.9079,"16.606166666667","19.6548","16.606166666667","<LOD","29.06875","29.236266666667","22.602966666667",28.080466666667,19.7218,28.348466666667,20.8944,"23.34",20.207583333333,23.591266666667,28.381966666667,21.279666666667,20.324833333333,28.633233333333,29.06875,"21.581183333333","21.882683333333",24.680066666667,28.381966666667,"25.216083333333",28.599733333333,"31.949883333333","25.73535"
"",13,"27.092166666667",23.892783333333,"<LOD","20.59285",25.283083333333,"26.405383333333",20.375083333333,27.276416666667,21.614683333333,28.700233333333,"Impute","29.722033333333",28.214466666667,"<LOD","31.045333333333",24.981566666667,27.393683333333,27.611433333333,"17.577716666667","20.52585","17.577716666667","<LOD","29.722033333333","29.923033333333","23.407",28.767233333333,20.59285,29.03525,21.731933333333,"<LOD",21.07865,24.37855,29.052,22.10045,21.195916666667,29.303266666667,29.722033333333,"22.385216666667","22.720233333333",25.43385,29.052,"26.053616666667",29.253016666667,"32.502683333333","26.472383333333"
"20230202_25_36",1,"19.834883333333",15.312183333333,"<LOD","10.68895",17.255267708333,"18.863333333333",10.270183333333,20.18665,12.029,22.163233333333,"19.834883333333","Impute",21.5267,"<LOD","25.530166666667",16.803,20.22015,20.588666666667,"6.568266666667","Impute","6.568266666667","<LOD","23.65405","23.7713","14.57515",22.330733333333,10.68895,22.716,12.297016666667,"<LOD",11.325466666667,15.931966666667,22.6825,12.816283333333,11.509733333333,23.101266666667,23.68755,"13.1681","13.637116666667",17.439532291667,22.716,"18.210066666667",23.051016666667,"27.825016666667","19.06435"
"",2,"20.622166666667",16.183216666667,"10.320433333333","11.643733333333",18.0928,"19.684116666667",11.224966666667,20.973933333333,12.950333333333,22.917016666667,"20.622166666667","Impute",22.280483333333,"17.305517708333","26.21695",17.640533333333,21.040933333333,21.3592,"7.573316666667","11.543233333333","7.573316666667","28.193533333333","24.340866666667","24.541866666667","15.429433333333",23.067766666667,11.643733333333,23.436283333333,13.21835,"16.417733333333",12.280266666667,16.7695,23.419533333333,13.720866666667,12.447766666667,23.82155,24.391116666667,"14.106133333333","14.50815",18.260316666667,23.469783333333,"19.0141",23.7713,"28.377783333333","19.851633333333"
"",3,"21.4262",17.054266666667,"11.291966666667","12.598533333333",18.9471,"20.504916666667",12.213266666667,21.761216666667,13.871616666667,23.65405,"21.4262","25.06115",23.034266666667,"<LOD","26.903733333333",18.494816666667,21.828216666667,22.146483333333,"8.61185","12.531533333333","8.61185","28.830066666667","25.06115","25.22865","16.283733333333",23.8048,12.598533333333,24.173366666667,14.139633333333,"17.288767708333",13.21835,17.640533333333,24.1566,14.64215,13.38585,24.558633333333,25.1114,"15.027416666667","15.429433333333",19.1146,24.190116666667,"19.483116666667",24.508366666667,"29.047816666667","20.672416666667"
"",4,"22.213483333333",17.9253,"12.280266666667","13.536616666667",19.784633333333,"21.2922",13.15135,22.53175,14.792916666667,24.391116666667,"22.196733333333","25.747933333333",23.78805,"<LOD","27.57375",19.349116666667,22.59875,22.917016666667,"9.6169","Impute","9.6169","29.449833333333","25.764683333333","25.898683333333","17.171516666667",24.541866666667,13.536616666667,24.893633333333,15.060916666667,"18.1263",14.139633333333,18.494816666667,24.876883333333,15.5467,14.3239,25.26215,25.798183333333,"15.915216666667","16.300483333333",19.968883333333,24.910383333333,"<LOD",25.2119,"29.68435","21.4597"
"",5,"22.984016666667",18.796333333333,"13.2351","14.47465",20.622166666667,"22.096233333333",14.089383333333,23.285533333333,15.6807,25.12815,"22.984016666667","26.45145",24.525116666667,"<LOD","28.227033333333",20.18665,23.386033333333,23.6708,"10.65545","14.3909","10.65545","30.052866666667","26.484966666667","26.635716666667","18.04255",25.26215,14.47465,25.613916666667,15.948716666667,"19.0141",15.060916666667,19.365866666667,25.597166666667,16.434483333333,15.245183333333,25.948933333333,26.518466666667,"16.803","17.221766666667",20.789666666667,25.630666666667,"<LOD",25.915433333333,"30.304116666667","22.246983333333"
"",6,"23.75455",19.650616666667,"14.173133333333","15.412683333333",21.44295,"22.883516666667",15.027416666667,24.056066666667,16.601983333333,25.848433333333,"Impute","27.171733333333",25.26215,"<LOD","28.913816666667",21.024183333333,24.1566,24.424616666667,"11.677233333333","15.328933333333","11.677233333333","30.655883333333","27.154983333333","<LOD","18.93035",25.982433333333,15.395933333333,26.3342,16.85325,"19.901883333333",15.881716666667,20.22015,26.31745,17.322267708333,16.149716666667,26.702716666667,27.205233333333,"17.674033333333","18.07605",21.627216666667,26.35095,"<LOD",26.635716666667,"30.8904","23.034266666667"
"",7,"24.525116666667",20.504916666667,"15.094433333333","16.317233333333",22.263733333333,"23.6708",15.915216666667,24.809883333333,17.489783333333,26.585466666667,"Impute","27.875266666667",25.999183333333,"<LOD","29.550333333333",21.861716666667,24.893633333333,25.1784,"12.615283333333","16.233483333333","12.615283333333","31.258916666667","27.875266666667","28.076283333333","<LOD",26.702716666667,16.317233333333,27.037733333333,17.741033333333,"<LOD",16.9035,21.057683333333,27.037733333333,18.210066666667,17.054266666667,27.3895,27.908766666667,"<LOD","<LOD",22.4145,27.087983333333,"<LOD",27.3225,"31.577183333333","23.8048"
"",8,"25.2789",21.3592,"Impute","17.238517708333",23.067766666667,"24.441366666667",16.85325,25.563666666667,18.394316666667,27.289,"25.2789","28.56205",26.719466666667,"22.364233333333","30.220366666667",22.66575,25.647416666667,25.915433333333,"13.553366666667","17.171516666667","13.553366666667","31.878683333333","28.56205","28.72955","<LOD",27.423,17.238517708333,27.741266666667,18.645583333333,"<LOD",17.80805,21.911966666667,27.741266666667,19.13135,17.9588,28.093033333333,28.5788,"19.466366666667","19.851633333333",23.235283333333,27.774766666667,"<LOD",28.042783333333,"32.19695","24.575383333333"
"",9,"26.032683333333",22.196733333333,"Impute","18.159816666667",23.85505,"25.22865",17.77455,26.31745,19.315616666667,27.992516666667,"26.032683333333","29.248833333333",27.43975,"23.185033333333","30.87365",23.486533333333,26.4012,26.652466666667,"14.5584","18.0928","14.5584","32.481716666667","29.215333333333","29.366083333333","21.54345",28.126533333333,18.159816666667,28.46155,19.550116666667,"22.39775",18.712583333333,22.73275,28.4448,20.019133333333,18.880083333333,28.79655,29.265583333333,"20.32065","20.722666666667",24.022566666667,28.4783,"24.910383333333",28.72955,"32.799983333333","25.345916666667"
"",10,"26.786466666667",23.017516666667,"Impute","19.0811",24.659133333333,"25.982433333333",18.712583333333,27.037733333333,20.2369,28.69605,"26.786466666667","29.9356",28.160033333333,"24.005816666667","31.560433333333",24.273866666667,27.138233333333,27.40625,"<LOD","19.0141","15.4797","33.05125","29.9356","<LOD","22.39775",28.830066666667,19.0811,29.165066666667,20.45465,"23.285533333333",19.650616666667,23.5703,29.131566666667,20.890183333333,19.784633333333,29.500083333333,29.95235,"21.208433333333","21.57695",24.826633333333,29.165066666667,"25.613916666667",29.416333333333,"33.3695","26.082933333333"
"",11,"27.5235",23.8383,"Impute","19.985633333333",25.446416666667,"26.736216666667",19.700883333333,27.774766666667,21.174933333333,29.416333333333,"27.5235","30.605633333333",28.880316666667,"24.793133333333","32.16345",25.09465,27.858516666667,28.143283333333,"16.501483333333","19.935383333333","16.501483333333","33.654266666667","30.605633333333","<LOD","23.252033333333",29.516833333333,20.002383333333,29.8351,21.34245,"24.240366666667",20.555166666667,24.391116666667,29.8351,21.761216666667,20.705916666667,30.136616666667,30.639133333333,"22.112983333333","22.448",25.630666666667,29.85185,"26.28395",30.103116666667,"33.955783333333","26.853466666667"
"",12,"28.243783333333",24.625633333333,"Impute","20.890183333333",26.2002,"27.47325",20.622166666667,28.49505,22.029233333333,30.086366666667,"28.243783333333","31.258916666667",29.567083333333,"25.563666666667","32.799983333333",25.865183333333,28.5788,28.846816666667,"17.422782291667","20.823166666667","17.422782291667","34.207052083333","31.275666666667","31.459916666667","24.056066666667",30.203616666667,20.890183333333,30.505133333333,22.179983333333,"24.910383333333",21.40945,25.19515,30.505133333333,22.6155,21.5602,30.84015,31.275666666667,"22.967266666667","23.302283333333",26.38445,30.521883333333,"26.970733333333",30.7564,"34.558802083333","27.57375"
"",13,"28.947316666667",25.412916666667,"<LOD","21.761216666667",26.953983333333,"28.193533333333",21.5267,29.181816666667,22.900266666667,30.7564,"28.964066666667","31.89545",30.237116666667,"<LOD","33.41975",26.618966666667,29.282333333333,29.533583333333,"18.461316666667","21.694216666667","18.461316666667","34.72631875","31.89545","32.2137","<LOD",30.8569,21.761216666667,31.141666666667,23.034266666667,"<LOD",22.280483333333,25.948933333333,31.158416666667,23.453033333333,22.4145,31.459916666667,31.9122,"23.75455","24.056066666667",27.138233333333,31.175166666667,"27.674266666667",31.426416666667,"35.061333333333","28.277283333333"
"20230202_37_48",1,"18.9775",14.823316666667,"<LOD","10.551833333333",16.61565,"18.10645",10.166566666667,19.279016666667,11.7914,21.088083333333,"18.9775","Impute",20.518566666667,"<LOD","24.203766666667",16.213633333333,19.312516666667,19.664283333333,"6.615416666667","Impute","6.615416666667","25.979333333333","22.46165","22.6124","14.119783333333",21.23885,10.551833333333,21.5906,12.0259,"15.074583333333",11.154866666667,15.409583333333,21.57385,12.528433333333,11.322366666667,21.959116666667,22.4784,"12.863483333333","13.299",16.7999,21.624116666667,"17.469934375",21.892116666667,"26.21385","18.257216666667"
"",2,"19.681033333333",15.6106,"10.183333333333","11.422883333333",17.386183333333,"18.826733333333",11.054366666667,19.982533333333,12.628966666667,21.774866666667,"19.681033333333","Impute",21.188583333333,"<LOD","24.773283333333",16.967416666667,20.032783333333,20.3678,"7.603716666667","Impute","7.603716666667","26.548866666667","23.098166666667","23.248933333333","14.923816666667",21.908866666667,11.422883333333,22.243883333333,12.880233333333,"15.861866666667",12.0259,16.163366666667,22.243883333333,13.366,12.176666666667,22.59565,23.114916666667,"13.701016666667","14.103033333333",17.536933333333,22.277383333333,"18.206966666667",22.5454,"26.783366666667","18.9775"
"",3,"20.38455",16.397883333333,"11.087866666667","12.277166666667",18.123216666667,"19.547016666667",11.90865,20.686066666667,13.4665,22.42815,"20.4013","Impute",21.858616666667,"17.419683333333","25.393066666667",17.721183333333,20.753066666667,21.054583333333,"8.54175","Impute","8.54175","27.068133333333","23.7012","23.86875","15.72785",22.56215,12.277166666667,22.897166666667,13.717766666667,"16.61565",12.863483333333,16.9339,22.897166666667,14.186783333333,13.014233333333,23.265683333333,23.75145,"14.5218","14.923816666667",18.290716666667,22.930666666667,"18.9105",23.181933333333,"27.3529","19.681033333333"
"",4,"21.104833333333",17.185166666667,"11.9589","13.14825",18.876983333333,"20.2673",12.779733333333,21.37285,14.30405,23.098166666667,"21.104833333333","Impute",22.5454,"<LOD","25.979333333333",18.474966666667,21.47335,21.741366666667,"9.49655","13.081233333333","9.49655","27.654416666667","24.371266666667","24.471766666667","16.498383333333",23.215433333333,13.14825,23.55045,14.53855,"17.386183333333",13.717766666667,17.704433333333,23.5337,15.007566666667,13.868516666667,23.8855,24.388016666667,"<LOD","<LOD",19.0445,23.55045,"<LOD",23.83525,"27.872166666667","20.4013"
"",5,"21.791616666667",17.9557,"12.829983333333","14.002533333333",19.630766666667,"20.970833333333",13.634016666667,22.076383333333,15.141583333333,23.75145,"21.791616666667","24.9743",23.198683333333,"<LOD","26.582366666667",19.22875,22.176883333333,22.42815,"10.434583333333","13.918783333333","10.434583333333","28.173683333333","25.0078","<LOD","17.302416666667",23.86875,14.002533333333,24.187016666667,15.376083333333,"18.173466666667",14.5553,18.474966666667,24.187016666667,15.811616666667,14.706066666667,24.538783333333,25.0078,"16.163366666667","16.548633333333",19.781533333333,24.203766666667,"20.434816666667",24.471766666667,"28.4752","21.121583333333"
"",6,"22.49515",18.742983333333,"13.684266666667","14.840066666667",20.3678,"21.691116666667",14.4883,22.763166666667,15.962366666667,24.404766666667,"Impute","25.610816666667",23.86875,"<LOD","27.168633333333",19.999283333333,22.846916666667,23.114916666667,"11.322366666667","14.789816666667","11.322366666667","28.7097","25.610816666667","25.744833333333","<LOD",24.522033333333,14.840066666667,24.840283333333,16.196883333333,"18.944",15.342583333333,19.2455,24.823533333333,16.61565,15.5436,25.15855,25.644316666667,"16.967416666667","17.302416666667",20.518566666667,24.857033333333,"21.138333333333",25.12505,"29.027966666667","21.825116666667"
"",7,"23.181933333333",19.513516666667,"14.57205","15.7111",21.121583333333,"22.4114",15.359333333333,23.449933333333,16.78315,25.05805,"Impute","26.2306",24.538783333333,"20.485066666667","27.754916666667",20.753066666667,23.5337,23.7682,"12.243666666667","15.62735","12.243666666667","29.195483333333","26.24735","26.41485","18.876983333333",25.1753,15.69435,25.476816666667,17.000916666667,"19.748033333333",16.230383333333,20.032783333333,25.476816666667,17.436434375,16.381133333333,25.778333333333,26.2641,"17.77145","18.123216666667",21.27235,25.510316666667,"21.875366666667",25.744833333333,"29.513733333333","22.52865"
"",8,"23.8855",20.28405,"15.4431","16.531883333333",21.858616666667,"23.114916666667",16.196883333333,24.12,17.603933333333,25.694583333333,"Impute","26.850383333333",25.19205,"<LOD","28.374683333333",21.4901,24.220516666667,24.471766666667,"13.165","16.464883333333","13.165","29.78175","26.850383333333","27.034633333333","19.681033333333",25.811833333333,16.531883333333,26.11335,17.8217,"20.468316666667",17.051166666667,20.803316666667,26.11335,18.240466666667,17.201916666667,26.41485,26.883883333333,"18.558733333333","18.9105",22.009383333333,26.1301,"22.59565",26.34785,"30.083266666667","23.215433333333"
"",9,"24.555533333333",21.054583333333,"Impute","17.369433333333",22.5789,"23.8185",17.017666666667,24.806783333333,18.441466666667,26.34785,"Impute","27.47015",25.845333333333,"<LOD","28.944216666667",22.227133333333,24.890533333333,25.1418,"14.086283333333","17.302416666667","14.086283333333","<LOD","27.4869","27.637666666667","20.468316666667",26.44835,17.369433333333,26.733116666667,18.642483333333,"21.27235",17.8887,21.5571,26.733116666667,19.06125,18.0227,27.051383333333,27.50365,"19.346016666667","19.714533333333",22.7464,26.749866666667,"23.299183333333",27.001133333333,"30.652783333333","23.919"
"",10,"25.2423",21.808366666667,"Impute","18.206966666667",23.299183333333,"24.505266666667",17.8887,25.460066666667,19.279016666667,26.984383333333,"25.2423","28.089933333333",26.481866666667,"22.7129","29.54725",22.964166666667,25.560566666667,25.811833333333,"14.974066666667","18.139966666667","14.974066666667","30.83705","28.089933333333","28.274183333333","21.23885",27.084883333333,18.206966666667,27.36965,19.463266666667,"22.059633333333",18.726233333333,22.310883333333,27.36965,19.882033333333,18.860233333333,27.671166666667,28.106683333333,"20.1668","20.518566666667",23.449933333333,27.4199,"24.03625",27.620916666667,"31.188816666667","24.605783333333"
"",11,"25.912333333333",22.56215,"Impute","19.06125",24.0195,"25.2088",18.776483333333,26.14685,20.11655,27.620916666667,"25.912333333333","28.7097",27.135133333333,"23.433183333333","30.116766666667",23.7012,26.2306,26.465116666667,"15.861866666667","18.99425","15.861866666667","31.356316666667","28.7097","28.893966666667","22.026133333333",27.721416666667,19.06125,28.006183333333,20.2673,"22.796666666667",19.563766666667,23.047916666667,28.006183333333,20.686066666667,19.697783333333,28.274183333333,28.72645,"20.970833333333","21.2891",24.187016666667,28.006183333333,"24.739783333333",28.240683333333,"31.741583333333","25.292566666667"
"",12,"26.582366666667",23.299183333333,"Impute","19.898783333333",24.739783333333,"25.878833333333",19.647516666667,26.800116666667,20.954083333333,28.257433333333,"26.582366666667","29.312733333333",27.771666666667,"24.170266666667","30.686283333333",24.421516666667,26.900633333333,27.135133333333,"16.7329","19.831783333333","16.7329","<LOD","29.312733333333","29.513733333333","22.796666666667",28.341183333333,19.898783333333,28.6092,21.088083333333,"23.5337",20.38455,23.8017,28.62595,21.47335,20.518566666667,28.910716666667,29.312733333333,"21.758116666667","22.076383333333",24.890533333333,28.6427,"25.426566666667",28.860466666667,"32.260866666667","25.962583333333"
"",13,"27.26915",24.053,"19.815033333333","20.736316666667",25.460066666667,"26.599116666667",20.518566666667,27.47015,21.774866666667,28.893966666667,"27.26915","29.932516666667",28.42495,"24.9073","31.272566666667",25.15855,27.57065,27.805166666667,"17.704433333333","20.686066666667","17.704433333333","32.428366666667","29.949266666667","30.116766666667","23.5672",28.977716666667,20.736316666667,29.228983333333,21.892116666667,"24.287516666667",21.2221,24.538783333333,29.245733333333,22.277383333333,21.33935,29.530483333333,29.932516666667,"22.52865","22.863666666667",25.627566666667,29.262483333333,"26.07985",29.480233333333,"32.796883333333","26.666116666667"
"20230202_49_61",1,"17.879083333333",13.892416666667,"<LOD","9.788483333333",15.634483333333,"17.04155",9.436716666667,18.19735,11.011283333333,19.922716666667,"17.879083333333","21.229266666667",19.369933333333,"14.93095","22.921083333333",15.249216666667,18.2476,18.515616666667,"6.053016666667","9.704733333333","6.053016666667","<LOD","21.246016666667","21.413516666667","13.255883333333",20.073466666667,9.771733333333,20.408483333333,11.22905,"14.193916666667",10.358,14.478683333333,20.391733333333,11.698066666667,10.525516666667,20.777,21.279516666667,"12.033083333333","12.41835",15.81875,20.441983333333,"16.472016666667",20.71,"24.897683333333","17.20905"
"",2,"18.649616666667",14.7467,"<LOD","10.693016666667",16.421766666667,"17.812083333333",10.34125,18.951133333333,11.882316666667,20.65975,"18.649616666667","21.9328",20.106966666667,"15.751733333333","23.591116666667",16.05325,19.018133333333,19.286183333333,"7.05805","10.626016666667","7.05805","25.3667","21.9663","22.15055","14.093416666667",20.8105,10.693016666667,21.128766666667,12.100083333333,"14.99795",11.26255,15.299466666667,21.112016666667,12.5691,11.4133,21.480533333333,21.98305,"12.887366666667","13.255883333333",16.606033333333,21.162266666667,"17.24255",21.430283333333,"25.5342","17.979583333333"
"",3,"19.420183333333",15.584233333333,"<LOD","11.614316666667",17.24255,"18.599366666667",11.26255,19.70495,12.770116666667,21.396766666667,"19.420183333333","Impute",20.86075,"16.555766666667","24.2444",16.857283333333,19.77195,20.073466666667,"8.0464","11.53055","8.0464","<LOD","22.619583333333","22.770333333333","<LOD",21.530783333333,11.614316666667,21.84905,12.987866666667,"<LOD",12.167083333333,16.12025,21.8323,13.440133333333,12.317833333333,22.200816666667,22.686583333333,"13.77515","14.126916666667",17.410066666667,21.8658,"18.046583333333",22.15055,"26.170733333333","18.766866666667"
"",4,"20.190716666667",16.405016666667,"<LOD","12.51885",18.046583333333,"19.369933333333",12.167083333333,20.475483333333,13.6579,22.11705,"20.190716666667","Impute",21.597783333333,"17.376566666667","Impute",17.678066666667,20.542483333333,20.82725,"8.98445","12.45185","8.98445","26.60625","23.3231","23.524116666667","15.751733333333",22.251066666667,12.51885,22.569316666667,13.87565,"16.606033333333",13.071616666667,16.941033333333,22.552566666667,14.311183333333,13.222383333333,22.904333333333,23.373366666667,"14.629433333333","<LOD",18.2141,22.586083333333,"18.833866666667",22.854083333333,"26.757","19.5207"
"",5,"20.96125",17.2593,"12.317833333333","13.440133333333",18.867366666667,"20.173966666667",13.105116666667,21.229266666667,14.528933333333,22.854083333333,"20.96125","Impute",22.334816666667,"18.19735","25.61795",18.4821,21.296266666667,21.581033333333,"9.972733333333","13.373133333333","9.972733333333","27.226033333333","24.026633333333","24.2109","16.606033333333",22.9881,13.440133333333,23.2896,14.76345,"17.460316666667",13.976166666667,17.761833333333,23.27285,15.182216666667,14.110166666667,23.607866666667,24.076883333333,"15.500483333333","15.85225",19.018133333333,23.30635,"19.63795",23.557616666667,"27.427033333333","<LOD"
"",6,"21.715033333333",18.080083333333,"13.239133333333","14.311183333333",19.6547,"20.9445",13.992916666667,21.98305,15.399966666667,23.574366666667,"21.715033333333","Impute",23.0551,"19.001383333333","26.254483333333",19.286183333333,22.05005,22.318066666667,"10.944283333333","14.244166666667","10.944283333333","27.79555","24.730166666667","24.914433333333","17.443566666667",23.691616666667,14.311183333333,23.976383333333,15.617733333333,"18.2811",14.8472,18.582616666667,23.976383333333,16.0365,14.99795,24.29465,24.763666666667,"16.354766666667","16.706533333333",19.8222,24.009883333333,"20.425233333333",24.26115,"28.097066666667","21.061766666667"
"",7,"22.468816666667",18.917633333333,"14.110166666667","15.198966666667",20.458733333333,"21.715033333333",14.8807,22.736833333333,16.271016666667,24.2779,"Impute","Impute",23.775383333333,"19.83895","26.907766666667",20.106966666667,22.803833333333,23.0551,"11.915816666667","15.148716666667","11.915816666667","28.398583333333","25.41695","25.6012","18.29785",24.39515,15.198966666667,24.696666666667,16.488766666667,"19.101883333333",15.734983333333,19.403433333333,24.679916666667,16.924283333333,15.869,24.998183333333,25.45045,"17.2258","17.544066666667",20.609483333333,24.713416666667,"21.212516666667",24.964683333333,"28.616333333333","21.8323"
"",8,"23.2226",19.73845,"15.0147","16.1035",21.262766666667,"22.485566666667",15.785233333333,23.473866666667,17.142048958333,24.998183333333,"Impute","Impute",24.49565,"<LOD","27.577783333333",20.911,23.557616666667,23.792133333333,"12.837116666667","16.0365","12.837116666667","29.0016","26.086983333333","26.254483333333","19.135383333333",25.098683333333,16.1035,25.4002,17.359816666667,"19.972966666667",16.606033333333,20.224216666667,25.38345,17.761833333333,16.740033333333,25.701716666667,26.137233333333,"18.063333333333","18.39835",21.413516666667,25.41695,"21.98305",25.65145,"29.236116666667","22.602833333333"
"",9,"23.959633333333",20.559233333333,"15.91925","16.97455",22.0333,"23.2896",16.656283333333,24.2109,18.013083333333,25.701716666667,"Impute","Impute",25.215933333333,"21.447033333333","28.231066666667",21.698283333333,24.2779,24.529166666667,"13.74165","16.907533333333","13.74165","29.604633333333","26.824016666667","26.958016666667","19.989716666667",25.802216666667,16.97455,26.086983333333,18.2141,"20.76025",17.477066666667,21.045016666667,26.086983333333,18.616116666667,17.611066666667,26.371733333333,26.80725,"18.917633333333","19.252683333333",22.200816666667,26.103733333333,"22.753583333333",26.338233333333,"29.872633333333","<LOD"
"",10,"24.696666666667",21.363266666667,"16.807033333333","17.845583333333",22.820583333333,"24.009883333333",17.527316666667,24.931183333333,18.900883333333,26.388483333333,"Impute","27.460533333333",25.919466666667,"22.234316666667","28.8676",22.485566666667,25.014933333333,25.249433333333,"14.7132","17.795333333333","14.7132","30.20765","27.460533333333","27.62805","20.8105",26.489,17.845583333333,26.757,19.068383333333,"21.581033333333",18.3481,21.84905,26.757,19.50395,18.4821,27.058516666667,27.477283333333,"19.77195","20.106966666667",22.97135,26.7905,"23.524116666667",27.008266666667,"30.4757","24.093633333333"
"",11,"25.41695",22.1673,"<LOD","18.733366666667",23.574366666667,"24.730166666667",18.46535,25.6347,19.77195,27.075266666667,"Impute","28.130566666667",26.60625,"23.0216","29.487366666667",23.27285,25.718466666667,25.952966666667,"15.617733333333","18.683116666667","15.617733333333","30.760466666667","28.130566666667","28.247816666667","21.614533333333",27.175766666667,18.750116666667,27.443783333333,19.922716666667,"22.385066666667",19.219183333333,22.636333333333,27.443783333333,20.324733333333,19.353183333333,27.72855,28.147316666667,"20.592733333333","20.9445",23.741883333333,27.460533333333,"24.4119",27.6783,"31.028483333333","24.813916666667"
"",12,"26.137233333333",22.954583333333,"18.666366666667","19.6212",24.32815,"25.45045",19.369933333333,26.354983333333,20.626233333333,27.76205,"Impute","28.78385",27.293033333333,"23.808883333333","30.1239",24.043383333333,26.43875,26.6565,"16.522266666667","19.5542","16.522266666667","31.33","28.78385","28.9346","22.452066666667",27.8458,19.6212,28.113816666667,20.777,"23.17235",20.090216666667,23.440366666667,28.113816666667,21.162266666667,20.224216666667,28.381833333333,28.8006,"21.430283333333","21.731783333333",24.49565,28.130566666667,"25.081933333333",28.348333333333,"31.61475","25.55095"
"",13,"26.874266666667",23.741883333333,"Impute","20.492233333333",25.098683333333,"26.137233333333",20.240966666667,27.075266666667,21.497283333333,28.448833333333,"Impute","29.453866666667",27.996566666667,"24.562666666667","30.760466666667",24.813916666667,27.159016666667,27.376783333333,"17.527316666667","20.425233333333","17.527316666667","31.899516666667","29.453866666667","29.587883333333","23.27285",28.532583333333,20.492233333333,28.8006,21.631283333333,"23.976383333333",20.96125,24.22765,28.8006,21.9998,21.078516666667,29.0686,29.453866666667,"22.284566666667","22.569316666667",25.266183333333,28.81735,"25.751966666667",29.01835,"32.234533333333","26.287983333333"
"20230202_62_73",1,"19.305766666667",14.984083333333,"9.1883","10.511633333333",16.860166666667,"18.384483333333",10.092833333333,19.657533333333,11.7512,21.550416666667,"19.305766666667","Impute",20.9306,"16.056133333333","24.76655",16.4079,19.707783333333,20.02605,"6.474683333333","Impute","6.474683333333","26.743133333333","22.974216666667","23.141733333333","14.1968",21.701166666667,10.511633333333,22.069683333333,12.03595,"15.20185",11.114666666667,15.553616666667,22.036183333333,12.538483333333,11.298933333333,22.45495,23.007716666667,"12.907","13.309016666667",17.010916666667,22.103183333333,"17.71445",22.4047,"26.860383333333","18.568733333333"
"",2,"20.09305",15.821616666667,"10.159833333333","11.432933333333",17.6642,"19.171766666667",11.030916666667,20.411316666667,12.655733333333,22.270683333333,"20.0763","23.6275",21.667666666667,"16.893666666667","25.419833333333",17.211932291667,20.495066666667,20.779833333333,"7.479733333333","Impute","7.479733333333","27.2959","23.64425","23.77825","15.067833333333",22.4047,11.416183333333,22.756466666667,12.9405,"16.039383333333",12.03595,16.3744,22.756466666667,13.443016666667,12.203466666667,23.141733333333,23.67775,"13.811533333333","14.1968",17.81495,22.773216666667,"18.551983333333",23.108233333333,"27.480166666667","19.339266666667"
"",3,"20.846833333333",16.6759,"11.097916666667","12.354216666667",18.484983333333,"19.95905",11.9522,21.1651,13.577016666667,22.990966666667,"20.846833333333","24.297533333333",22.38795,"17.71445","Impute",18.049466666667,21.24885,21.53365,"8.518266666667","12.270466666667","8.518266666667","27.949183333333","24.280783333333","24.515283333333","15.938883333333",23.124983333333,12.354216666667,23.47675,13.845033333333,"16.876916666667",12.95725,17.211932291667,23.459983333333,14.3308,13.12475,23.8285,24.347783333333,"14.699316666667","15.067833333333",18.63575,23.47675,"19.322516666667",23.77825,"28.083183333333","20.12655"
"",4,"21.600666666667",17.51345,"12.0192","13.275516666667",19.289016666667,"20.746333333333",12.85675,21.918916666667,14.481566666667,23.6945,"21.617416666667","25.017816666667",23.108233333333,"18.551983333333","26.692883333333",18.87025,21.985933333333,22.270683333333,"9.523316666667","13.2085","9.523316666667","28.485216666667","25.017816666667","25.185316666667","16.776416666667",23.8285,13.275516666667,24.180266666667,14.749566666667,"17.71445",13.861783333333,18.049466666667,24.146766666667,15.2186,14.0293,24.532033333333,25.034566666667,"15.570366666667","15.955633333333",19.473283333333,24.180266666667,"20.12655",24.498533333333,"28.669466666667","20.913833333333"
"",5,"22.3712",18.367733333333,"12.95725","14.18005",20.1098,"21.5169",13.794783333333,22.6727,15.3526,24.414783333333,"22.35445","25.687833333333",23.84525,"19.372766666667","27.346166666667",19.691033333333,22.840216666667,23.024466666667,"10.444633333333","14.11305","10.444633333333","29.071483333333","25.687833333333","25.8721","17.64745",24.532033333333,14.1968,24.86705,15.637366666667,"18.551983333333",14.766333333333,18.887,24.8503,16.156633333333,14.933833333333,25.218816666667,25.721333333333,"16.4414","16.809916666667",20.260566666667,24.8838,"20.913833333333",25.185316666667,"29.238983333333","21.667666666667"
"",6,"23.108233333333",19.205266666667,"13.878533333333","15.101333333333",20.913833333333,"22.287433333333",14.699316666667,23.409733333333,16.257133333333,25.101566666667,"Impute","26.374616666667",24.548783333333,"20.210316666667","27.982683333333",20.511816666667,23.74475,23.74475,"11.399433333333","15.034333333333","11.399433333333","29.657766666667","26.374616666667","26.542116666667","18.535233333333",25.235566666667,15.101333333333,25.553833333333,16.5084,"19.439783333333",15.670866666667,19.724533333333,25.553833333333,16.977416666667,15.821616666667,25.9056,26.391366666667,"17.278932291667","17.68095",21.0646,25.570583333333,"21.684416666667",25.85535,"29.875516666667","22.42145"
"",7,"23.84525",20.02605,"<LOD","15.989133333333",21.684416666667,"23.041216666667",15.637366666667,24.130016666667,17.144934375,25.8051,"23.84525","27.0279",25.252316666667,"21.01435","28.619216666667",21.2991,24.197016666667,24.481783333333,"12.387716666667","15.938883333333","12.387716666667","30.193783333333","27.0279","27.11165","19.339266666667",25.92235,16.005883333333,26.240616666667,17.396183333333,"20.243816666667",16.5754,20.562083333333,26.223866666667,17.8317,16.726166666667,26.542116666667,27.04465,"18.183466666667","18.568733333333",21.835166666667,26.257366666667,"22.4717",26.508616666667,"30.4283","23.175233333333"
"",8,"24.565533333333",20.830083333333,"15.721116666667","16.893666666667",22.45495,"23.77825",16.5084,24.83355,18.015966666667,26.475116666667,"24.565533333333","27.664416666667",25.9391,"<LOD","29.222233333333",22.086433333333,24.90055,25.168566666667,"13.325766666667","16.826666666667","13.342516666667","30.7633","27.664416666667","27.815183333333","20.210316666667",26.575633333333,16.893666666667,26.893883333333,18.267233333333,"<LOD",17.446433333333,21.349366666667,26.877133333333,18.70275,17.5972,27.21215,27.681166666667,"19.037766666667","19.372766666667",22.62245,26.910633333333,"23.242233333333",27.17865,"30.997816666667","23.895516666667"
"",9,"25.269066666667",21.634166666667,"Impute","17.7647",23.208733333333,"24.498533333333",17.396183333333,25.537083333333,18.887,27.1284,"25.269066666667","28.30095",26.609133333333,"<LOD","29.825266666667",22.856966666667,25.604083333333,25.8721,"14.2973","17.6977","14.2973","31.316083333333","28.30095","28.4517","20.98085",27.2289,17.7647,27.547166666667,19.121516666667,"21.835166666667",18.317483333333,22.136683333333,27.547166666667,19.540283333333,18.468233333333,27.865433333333,28.3177,"19.8753","20.227066666667",23.376233333333,27.563916666667,"23.962516666667",27.815183333333,"31.567333333333","24.615783333333"
"",10,"25.9726",22.4047,"Impute","18.6525",23.962516666667,"25.218816666667",18.267233333333,26.223866666667,19.758033333333,27.781683333333,"25.9726","28.920733333333",27.27915,"<LOD","30.394783333333",23.61075,26.307616666667,26.542116666667,"15.20185","18.585483333333","15.2186","31.86885","28.920733333333","29.121733333333","21.784916666667",27.882183333333,18.6525,28.20045,19.9758,"22.6392",19.188516666667,22.923966666667,28.1837,20.394566666667,19.322516666667,28.501966666667,28.937483333333,"20.712833333333","<LOD",24.113266666667,28.20045,"24.8168",28.4517,"32.103366666667","25.319316666667"
"",11,"26.676133333333",23.191983333333,"Impute","19.540283333333",24.7163,"25.9391",19.222016666667,26.910633333333,20.629083333333,28.43495,"26.676133333333","29.55725",27.932433333333,"24.096516666667","31.014566666667",24.364533333333,26.9944,27.24565,"16.139883333333","19.473283333333","16.139883333333","32.404883333333","29.574","29.741516666667","22.62245",28.552216666667,19.540283333333,28.820216666667,20.813333333333,"23.409733333333",20.05955,23.6945,28.820216666667,21.21535,20.193566666667,29.138483333333,29.574,"21.550416666667","21.868666666667",24.86705,28.836966666667,"25.453333333333",29.104983333333,"32.689633333333","26.0396"
"",12,"27.346166666667",23.962516666667,"Impute","20.411316666667",25.453333333333,"26.625883333333",20.12655,27.597416666667,21.466616666667,29.088233333333,"27.346166666667","30.177033333333",28.585716666667,"<LOD","31.60085",25.118316666667,27.664416666667,27.915683333333,"17.077933333333","20.344316666667","17.077933333333","32.9577","30.177033333333","30.344533333333","23.409733333333",29.188733333333,20.411316666667,29.45675,21.634166666667,"24.163516666667",20.913833333333,24.465033333333,29.45675,22.036183333333,21.0311,29.758266666667,30.177033333333,"22.3377","22.6727",25.587333333333,29.4735,"26.1401",29.724766666667,"33.20895","26.726383333333"
"",13,"28.049683333333",24.73305,"20.294066666667","21.24885",26.173616666667,"27.329416666667",21.01435,28.26745,22.32095,29.724766666667,"28.049683333333","30.796816666667",29.25575,"<LOD","32.187116666667",25.85535,28.3512,28.602466666667,"18.082966666667","21.18185","18.082966666667","<LOD","30.796816666667","30.981066666667","24.213766666667",29.825266666667,21.24885,30.093283333333,22.45495,"24.96755",21.751416666667,25.235566666667,30.110033333333,22.890466666667,21.885416666667,30.378033333333,30.813566666667,"23.141733333333","23.4935",26.341116666667,30.126783333333,"26.793383333333",30.344533333333,"33.795233333333","27.429916666667"
"20230202_74_85",1,"18.633883333333",14.4797,"8.91845","10.1915",16.272033333333,"17.72935",9.806233333333,18.95215,11.447816666667,20.761216666667,"18.633883333333","22.101316666667",20.1917,"15.55175","Impute",15.853266666667,19.01915,19.320666666667,"6.305333333333","10.10775","6.305333333333","25.685983333333","22.101316666667","22.285583333333","13.792916666667",20.911983333333,10.1915,21.247,11.682333333333,"14.730966666667",10.79455,15.065983333333,21.23025,12.1681,10.96205,21.5485,22.151566666667,"12.536616666667","12.921883333333",16.456283333333,21.2805,"17.143066666667",21.582016666667,"25.886983333333","17.93035"
"",2,"19.404416666667",15.317233333333,"<LOD","11.1128",17.076065625,"18.533383333333",10.744283333333,19.705933333333,12.335616666667,21.4815,"19.404416666667","22.7881",20.911983333333,"16.355783333333","Impute",16.67405,19.772933333333,20.07445,"7.276866666667","11.0458","7.276866666667","26.289","22.77135","22.989116666667","14.647216666667",21.632266666667,11.1128,21.967316666667,12.570116666667,"15.5685",11.699083333333,15.886766666667,21.950566666667,13.10615,11.866583333333,22.319083333333,22.8551,"13.40765","13.776166666667",17.243566666667,21.984066666667,"17.9136",22.268833333333,"26.473266666667","18.700883333333"
"",3,"20.1582",16.154766666667,"10.8113","12.0341",17.89685,"19.303916666667",11.648833333333,20.459716666667,13.2234,22.201833333333,"20.1582","23.491633333333",21.632266666667,"<LOD","25.1667",17.478083333333,20.526716666667,20.794733333333,"8.298666666667","11.95035","8.298666666667","26.892033333333","23.491633333333","23.675883333333","15.5015",22.335833333333,12.0341,22.67085,13.4579,"16.389283333333",12.620366666667,16.6908,22.67085,13.993933333333,12.771133333333,23.022616666667,23.525133333333,"14.26195","14.647216666667",18.06435,22.70435,"18.700883333333",22.972366666667,"27.109783333333","19.471416666667"
"",4,"20.911983333333",16.992316666667,"11.749333333333","12.938633333333",18.700883333333,"20.0912",12.570116666667,21.2135,14.111183333333,22.9221,"20.911983333333","24.178416666667",22.369333333333,"<LOD","25.836733333333",18.298866666667,21.2805,21.5485,"9.270216666667","12.871633333333","9.270216666667","27.5118","24.161666666667","24.245416666667","<LOD",23.056116666667,12.938633333333,23.374383333333,14.3457,"17.176566666667",13.508166666667,17.511583333333,23.374383333333,14.764466666667,13.658916666667,23.72615,24.211916666667,"15.132983333333","15.535",18.8684,23.407883333333,"19.504916666667",23.675883333333,"27.696066666667","20.2252"
"",5,"21.665766666667",17.82985,"12.687366666667","13.843166666667",19.504916666667,"20.861733333333",13.491416666667,21.967316666667,14.982216666667,23.625633333333,"21.68255","24.865183333333",23.089616666667,"18.818133333333","26.473266666667",19.11965,22.034316666667,22.302333333333,"10.27525","13.776166666667","10.27525","28.114833333333","24.865183333333","24.98245","<LOD",23.75965,13.843166666667,24.0779,15.216733333333,"18.06435",14.39595,18.349116666667,24.06115,15.65225,14.5467,24.412916666667,24.8987,"16.020766666667","16.389283333333",19.655683333333,24.09465,"20.2922",24.362666666667,"28.315833333333","20.995733333333"
"",6,"22.419583333333",18.667383333333,"13.591916666667","14.730966666667",20.30895,"21.565266666667",14.3792,22.6876,15.853266666667,24.329166666667,"22.419583333333","25.535216666667",23.8099,"19.622166666667","27.126533333333",19.923683333333,22.77135,23.056116666667,"11.246816666667","14.663966666667","11.246816666667","28.68435","25.551966666667","25.652483333333","18.0141",24.463166666667,14.747716666667,24.781433333333,16.087766666667,"18.8684",15.283733333333,19.18665,24.764683333333,16.523283333333,15.4345,25.0997,25.568716666667,"16.84155","17.260316666667",20.442966666667,24.781433333333,"21.062733333333",25.04945,"28.918866666667","21.74955"
"",7,"23.173366666667",19.488166666667,"Impute","15.6355",21.096233333333,"22.386083333333",15.250233333333,23.424633333333,16.70755,25.0327,"23.173366666667","Impute",24.513433333333,"20.426216666667","27.763066666667",20.710966666667,23.508383333333,23.79315,"12.1681","15.5685","12.1681","29.270633333333","26.222","26.37275","<LOD",25.14995,15.6355,25.468216666667,16.958816666667,"19.689183333333",16.171533333333,19.990683333333,25.451466666667,17.394334375,16.305533333333,25.786483333333,26.23875,"17.7126","18.06435",21.247,25.484966666667,"21.850066666667",25.736233333333,"29.50515","22.520083333333"
"",8,"23.9104",20.2922,"Impute","16.506533333333",21.866816666667,"23.139866666667",16.138016666667,24.144916666667,17.578583333333,25.736233333333,"23.9104","Impute",25.21695,"21.23025","28.3996",21.515,24.245416666667,24.496683333333,"13.1229","16.439533333333","13.1229","29.84015","26.875283333333","27.026033333333","19.672433333333",25.836733333333,16.506533333333,26.13825,17.8131,"20.509966666667",17.042566666667,20.811483333333,26.13825,18.248616666667,17.193316666667,26.456516666667,26.908783333333,"18.566883333333","18.91865",22.034316666667,26.17175,"22.6206",26.40625,"30.124916666667","23.240366666667"
"",9,"24.630683333333",21.112983333333,"<LOD","17.394334375",22.6541,"23.8769",17.042566666667,24.88195,18.466366666667,26.423016666667,"24.630683333333","Impute",25.920483333333,"<LOD","29.019366666667",22.302333333333,24.9657,25.21695,"14.060933333333","17.327333333333","14.060933333333","30.409683333333","27.52855","<LOD","20.509966666667",26.540266666667,17.394334375,26.825033333333,18.684133333333,"21.314",17.93035,21.615516666667,26.825033333333,19.11965,18.06435,27.126533333333,27.578816666667,"19.437916666667","19.772933333333",22.80485,26.841783333333,"23.324116666667",27.076283333333,"30.69445","23.99415"
"",10,"25.350966666667",21.917066666667,"<LOD","18.282116666667",23.407883333333,"24.630683333333",17.96385,25.585466666667,19.370916666667,27.109783333333,"25.350966666667","28.215333333333",26.607266666667,"22.8216","29.6559",23.072866666667,25.685983333333,25.920483333333,"14.982216666667","18.215116666667","14.982216666667","30.99595","28.215333333333","28.38285","21.3475",27.2103,18.298866666667,27.49505,19.555166666667,"22.134816666667",18.818133333333,22.402833333333,27.49505,19.973933333333,18.95215,27.796566666667,28.232083333333,"20.27545","20.593716666667",23.575383333333,27.5118,"23.96065",27.746316666667,"31.297466666667","24.731183333333"
"",11,"26.07125",22.70435,"<LOD","19.18665",24.178416666667,"25.367716666667",18.851633333333,26.30575,20.24195,27.779816666667,"Impute","28.868616666667",27.29405,"23.592133333333","30.275683333333",23.8434,26.3895,26.624016666667,"15.937016666667","19.11965","15.937016666667","31.565483333333","28.885366666667","29.019366666667","22.168333333333",27.880316666667,19.18665,28.165083333333,20.409466666667,"22.93885",19.689183333333,23.206866666667,28.165083333333,20.811483333333,19.823183333333,28.44985,28.885366666667,"21.112983333333","21.43125",24.329166666667,28.198583333333,"24.88195",28.3996,"31.867","25.451466666667"
"",12,"26.791516666667",23.491633333333,"<LOD","20.0577",24.9322,"26.10475",19.806433333333,27.009283333333,21.096233333333,28.44985,"Impute","29.50515",27.980833333333,"<LOD","30.89545",24.613933333333,27.093033333333,27.32755,"16.84155","19.990683333333","16.84155","32.11825","29.50515","29.6894","22.989116666667",28.55035,20.0577,28.818366666667,21.247,"23.7429",20.543466666667,23.99415,28.835116666667,21.615516666667,20.677466666667,29.103116666667,29.5219,"21.917066666667","22.235333333333",25.08295,28.851866666667,"25.652483333333",29.069616666667,"32.453266666667","26.17175"
"",13,"27.5118",24.278916666667,"20.0242","20.928733333333",25.685983333333,"26.825033333333",20.710966666667,27.712816666667,21.984066666667,29.136633333333,"Impute","30.175166666667",28.6676,"25.11645","31.515233333333",25.384466666667,27.796566666667,28.031083333333,"17.8801","20.861733333333","17.8801","32.687783333333","30.175166666667","30.309183333333","23.79315",29.220383333333,20.928733333333,29.488383333333,22.101316666667,"24.530183333333",21.4145,24.781433333333,29.50515,22.469833333333,21.53175,29.77315,30.175166666667,"22.77135","23.072866666667",25.853483333333,29.5219,"26.37275",29.7229,"33.039583333333","26.908783333333"
"20230202_86_97",1,"<LOD",13.96215,"8.331233333333","9.5974",15.778066666667,"16.72765",9.197566666667,18.4769,10.796866666667,20.392733333333,"18.160366666667","21.742133333333",19.743016666667,"<LOD","Impute",15.294916666667,18.57685,18.876716666667,"<LOD","9.480783333333","<LOD","<LOD","21.77545","22.02535","13.179166666667",20.459366666667,9.580733333333,20.825866666667,11.063416666667,"14.12875",10.197133333333,14.445283333333,20.859183333333,11.5632,10.347066666667,21.175716666667,21.742133333333,"11.946366666667","<LOD",15.8447,20.859183333333,"<LOD",21.175716666667,"25.5905","<LOD"
"",2,"<LOD",14.811783333333,"9.297516666667","10.530316666667",16.594383333333,"17.59395",10.14715,19.259883333333,11.713133333333,21.125733333333,"18.960016666667","22.475183333333",20.492683333333,"<LOD","Impute",16.127916666667,19.35985,19.659716666667,"<LOD","10.447016666667","<LOD","<LOD","22.458533333333","22.6751","14.062116666667",21.209033333333,10.530316666667,21.57555,11.99635,"14.961716666667",11.146716666667,15.27825,21.5922,12.52945,11.29665,21.908733333333,22.475183333333,"<LOD","13.262466666667",16.644366666667,21.5922,"<LOD",21.908733333333,"26.240216666667","17.910466666667"
"",3,"<LOD",15.66145,"10.263766666667","11.46325",17.410683333333,"18.460233333333",11.096733333333,20.042883333333,12.6294,21.875416666667,"19.743016666667","23.19155",21.24235,"16.661016666667","Impute",16.944233333333,20.142833333333,20.42605,"<LOD","11.396616666667","<LOD","<LOD","<LOD","23.408116666667","14.878416666667",21.94205,11.4799,22.3086,12.912616666667,"15.778066666667",12.07965,16.11125,22.341916666667,13.362416666667,12.229583333333,22.641783333333,23.19155,"13.76225","14.145416666667",17.460666666667,22.32525,"<LOD",22.641783333333,"26.873266666667","<LOD"
"",4,"<LOD",16.511083333333,"11.21335","12.412833333333",18.227,"19.326516666667",12.013,20.809216666667,13.529016666667,22.608466666667,"20.542666666667","23.9079",22.008683333333,"<LOD","25.573833333333",17.7772,20.909166666667,21.192383333333,"<LOD","12.329533333333","<LOD","<LOD","23.891233333333","24.124466666667","15.74475",22.6751,12.412833333333,23.0416,13.812216666667,"16.644366666667",12.995916666667,16.927566666667,23.058266666667,14.262033333333,13.14585,23.358133333333,23.9079,"14.628533333333","<LOD",18.293633333333,23.058266666667,"18.993333333333",23.358133333333,"27.489666666667","19.72635"
"",5,"<LOD",17.344048958333,"12.146283333333","13.3291",19.059966666667,"20.192816666667",12.9626,21.57555,14.411966666667,23.341483333333,"21.292333333333","24.590933333333",22.741733333333,"<LOD","26.240216666667",18.610166666667,21.658833333333,21.94205,"<LOD","13.262466666667","<LOD","28.089416666667","24.590933333333","24.79085","16.577716666667",23.408116666667,13.3291,23.757966666667,14.678516666667,"17.410683333333",13.895516666667,17.7772,23.774616666667,15.161633333333,14.04545,24.074483333333,24.590933333333,"<LOD","15.8447",19.10995,23.774616666667,"19.792983333333",24.057833333333,"28.106066666667","20.509333333333"
"",6,"<LOD",18.177016666667,"13.079216666667","14.245366666667",19.876283333333,"21.009116666667",13.8622,22.3086,15.294916666667,24.057833333333,"22.058666666667","25.290633333333",23.4581,"<LOD","26.873266666667",19.426483333333,22.425216666667,22.691766666667,"10.6636","14.145416666667","10.6636","28.655833333333","25.290633333333","25.490533333333","17.410683333333",24.107816666667,14.2287,24.45765,15.5615,"18.293633333333",14.795133333333,18.626833333333,24.474316666667,16.0113,14.9284,24.774183333333,25.273966666667,"<LOD","<LOD",19.942916666667,24.45765,"20.559316666667",24.757533333333,"28.722466666667","21.292333333333"
"",7,"<LOD",19.02665,"Impute","15.128316666667",20.659283333333,"21.5922",14.761816666667,23.058266666667,16.1779,24.757533333333,"22.808383333333","25.957",24.17445,"<LOD","27.522983333333",20.242783333333,23.174883333333,23.441433333333,"11.613183333333","15.061683333333","11.613183333333","28.655833333333","25.957","26.190233333333","18.276983333333",24.824166666667,15.128316666667,25.15735,16.427783333333,"19.159933333333",15.678116666667,19.4598,25.174016666667,16.877583333333,15.811383333333,25.457216666667,25.94035,"17.210783333333","<LOD",20.742566666667,25.174016666667,"21.32565",25.440566666667,"29.305583333333","22.058666666667"
"",8,"<LOD",19.859616666667,"Impute","16.027966666667",21.458933333333,"22.425216666667",15.66145,23.807933333333,17.027533333333,25.457216666667,"23.55805","Impute",24.8908,"<LOD","28.1727",21.04245,23.9079,24.17445,"12.579433333333","15.944666666667","12.579433333333","<LOD","26.623383333333","26.8233","19.143266666667",25.5072,16.027966666667,25.840383333333,17.294083333333,"19.976233333333",16.561066666667,20.292766666667,25.8737,17.727216666667,16.694333333333,26.14025,26.623383333333,"18.060416666667","<LOD",21.525566666667,25.85705,"<LOD",26.1236,"29.905316666667","22.808383333333"
"",9,"<LOD",20.675933333333,"15.794733333333","16.89425",22.24195,"<LOD",16.5444,24.5243,17.910466666667,26.173583333333,"24.291066666667","Impute",25.60715,"21.57555","28.822466666667",21.8421,24.640916666667,24.907466666667,"13.529016666667","16.827616666667","13.529016666667","<LOD","27.306416666667","27.506333333333","20.026216666667",26.2069,16.89425,26.523416666667,18.177016666667,"20.825866666667",17.42735,21.092416666667,26.55675,18.593516666667,17.560633333333,26.806633333333,27.306416666667,"18.94335","<LOD",22.32525,26.55675,"22.925",26.806633333333,"30.538383333333","23.55805"
"",10,"<LOD",21.475583333333,"16.677683333333","17.79385",23.008283333333,"24.25775",17.444016666667,25.257316666667,18.826733333333,26.856616666667,"25.024083333333","27.9728",26.30685,"<LOD","29.438866666667",22.641783333333,25.373933333333,25.623816666667,"14.4786","17.710566666667","14.4786","<LOD","<LOD","28.189366666667","20.809216666667",26.889933333333,17.79385,27.206466666667,19.043316666667,"21.625516666667",18.326966666667,21.908733333333,27.239783333333,19.493116666667,18.443566666667,27.489666666667,27.956133333333,"19.792983333333","20.109516666667",23.10825,27.223116666667,"23.674666666667",27.473016666667,"31.121466666667","24.291066666667"
"",11,"<LOD",22.275283333333,"17.6106","18.693466666667",23.791283333333,"25.007416666667",18.376933333333,25.957,19.709683333333,27.522983333333,"25.7571","28.622516666667",27.00655,"<LOD","30.071916666667",23.408116666667,26.090283333333,26.340166666667,"15.3782","18.610166666667","15.3782","31.571266666667","28.622516666667","28.822466666667","21.642183333333",27.572966666667,18.693466666667,27.8895,19.9096,"22.441866666667",19.2099,22.708416666667,27.90615,20.326083333333,19.326516666667,28.15605,28.622516666667,"20.659283333333","21.125733333333",23.874583333333,27.90615,"24.34105",28.139383333333,"31.687883333333","25.040733333333"
"",12,"26.47345",23.058266666667,"18.560183333333","19.576416666667",24.54095,"25.740433333333",19.309866666667,26.690016666667,20.575983333333,28.206016666667,"Impute","29.272266666667",27.689583333333,"<LOD","30.67165",24.17445,26.789983333333,27.039866666667,"16.311166666667","19.493116666667","16.311166666667","<LOD","29.272266666667","29.455516666667","22.49185",28.256,19.576416666667,28.555866666667,20.742566666667,"23.308166666667",20.0762,23.508066666667,28.589183333333,21.1424,20.192816666667,28.822466666667,29.2556,"21.475583333333","21.908733333333",24.640916666667,28.572533333333,"25.007416666667",28.8058,"32.2543","25.77375"
"",13,"27.1898",23.857916666667,"19.509783333333","20.42605",25.307283333333,"26.4901",20.226133333333,27.389716666667,21.442266666667,28.8891,"Impute","29.921983333333",28.372616666667,"<LOD","31.28805",24.9741,27.506333333333,27.756216666667,"17.294083333333","20.376066666667","17.294083333333","<LOD","29.921983333333","30.105233333333","23.308166666667",28.922416666667,20.459366666667,29.205633333333,21.5922,"<LOD",20.925833333333,24.307716666667,29.2556,21.992033333333,21.04245,29.472183333333,29.921983333333,"<LOD","22.691766666667",25.4239,29.222283333333,"25.69045",29.455516666667,"32.837383333333","26.506766666667"
